employee_code,first_name,last_name,email,gender,age,ip_address,location,job_title
zO74F,Tory,Malser,tmalser0@aboutads.info,Polygender,21,37.129.33.76,Australia,Administrative Officer
nLyAS,Carmen,Gatch,cgatch1@zdnet.com,Male,58,70.203.246.166,Ireland,Administrative Officer
AEl5S,Laetitia,Boule,lboule2@hubpages.com,Female,54,151.174.232.177,Ireland,Web Developer
5Y0zJ,Ardyce,Glancy,aglancy3@cbslocal.com,Agender,51,225.201.87.89,France,Administrative Officer
dIzuz,Maressa,Lynde,mlynde4@bbc.co.uk,Female,39,167.183.89.11,Ireland,Data Analyst
4cUyM,Dianna,Di Giacomo,ddigiacomo5@issuu.com,Agender,49,16.37.148.23,Australia,Data Analyst
gGBBN,Fitzgerald,Probbings,fprobbings6@marketwatch.com,Female,57,207.6.154.150,France,Web Developer
qUnpS,Wye,McCloughen,wmccloughen7@icq.com,Genderqueer,58,18.39.148.162,Ireland,Web Developer
nNlRu,Euphemia,Hawkes,ehawkes8@marriott.com,Non-binary,21,160.210.21.56,Ireland,Web Developer
J5otx,Cosetta,Wavish,cwavish9@qq.com,Agender,52,133.153.78.50,Australia,Data Analyst
Zilci,Coreen,Doget,cdogeta@typepad.com,Non-binary,38,50.65.172.181,France,Software Engineer
NABOG,Renee,Davidovic,rdavidovicb@hao123.com,Polygender,41,17.160.37.198,Ireland,Software Engineer
BVlhX,Amabel,Macewan,amacewanc@ehow.com,Agender,57,4.14.183.79,Ireland,Software Engineer
eTTKQ,Inness,Funcheon,ifuncheond@facebook.com,Male,39,51.105.162.122,Ireland,Web Developer
Hbqc8,Smitty,Lapslie,slapsliee@pinterest.com,Female,38,37.110.30.207,Australia,Web Developer
ZRRcv,Rollo,Lamb,rlambf@aboutads.info,Male,51,243.138.82.243,Ireland,Software Engineer
tsFjO,Berta,Clashe,bclasheg@storify.com,Agender,54,128.25.54.28,Australia,Administrative Officer
45lLP,Solly,Kembrey,skembreyh@auda.org.au,Genderfluid,50,90.165.223.251,Ireland,Web Developer
L0uBi,Norbie,Foden,nfodeni@hexun.com,Bigender,42,49.246.38.220,France,Data Analyst
ZXMpB,Ranee,Treleaven,rtreleavenj@webs.com,Male,43,224.160.196.58,Ireland,Administrative Officer
OUUNd,Norine,Jamblin,njamblink@google.ru,Polygender,42,70.34.185.63,France,Web Developer
Lx2lC,Kenn,Fumagall,kfumagalll@trellian.com,Non-binary,34,137.198.165.202,France,Web Developer
gO3jc,Mirella,Merriott,mmerriottm@mysql.com,Female,38,212.52.35.70,Australia,Web Developer
dZmBp,Pip,Holttom,pholttomn@chicagotribune.com,Bigender,54,23.214.235.163,France,Software Engineer
WTYDh,Car,Ithell,cithello@sphinn.com,Genderfluid,45,60.156.98.127,France,Support Technician
Jl9c6,Alexandros,Burgh,aburghp@amazonaws.com,Male,27,84.74.91.138,Australia,Data Analyst
rmmVs,Jerry,Dreghorn,jdreghornq@posterous.com,Female,23,182.74.213.169,France,Administrative Officer
etoln,Huey,Nabarro,hnabarror@twitpic.com,Male,29,187.230.140.16,Australia,Software Engineer
fVBYG,Ester,Armell,earmells@naver.com,Agender,42,40.233.81.202,Ireland,Data Analyst
iBv3x,Gayel,Dyke,gdyket@friendfeed.com,Polygender,47,72.22.28.158,Australia,Support Technician
5uBCH,Tonye,Hanbidge,thanbidgeu@usnews.com,Female,26,100.222.84.250,France,Support Technician
nTlzo,Clair,Walklett,cwalklettv@amazon.co.jp,Female,51,236.105.166.143,Ireland,Data Analyst
dqVfV,Davita,China,dchinaw@japanpost.jp,Bigender,37,7.66.132.21,Ireland,Software Engineer
WLoDQ,Cathlene,Le Grove,clegrovex@digg.com,Female,52,130.122.117.98,France,Web Developer
NmMjN,Marylynne,Creese,mcreesey@list-manage.com,Non-binary,56,139.58.66.179,Ireland,Support Technician
i2Uiy,Diahann,Grisbrook,dgrisbrookz@uol.com.br,Bigender,28,155.160.195.186,Ireland,Administrative Officer
wIGvj,Ros,Seymour,rseymour10@squarespace.com,Male,47,45.251.77.134,Ireland,Web Developer
ja4nG,Orly,Coal,ocoal11@hud.gov,Bigender,24,109.254.44.75,Ireland,Data Analyst
Hirh3,Stuart,Cottie,scottie12@dyndns.org,Genderqueer,48,241.15.169.252,France,Web Developer
RKuRN,Geordie,Dunlea,gdunlea13@drupal.org,Male,40,127.12.160.236,France,Support Technician
hsiRT,Mathian,Surcombe,msurcombe14@imgur.com,Female,20,178.149.145.27,Ireland,Administrative Officer
r71cR,Alika,Lockton,alockton15@imgur.com,Genderqueer,42,117.40.36.127,Ireland,Support Technician
3OqWq,Helge,Mathwin,hmathwin16@nasa.gov,Bigender,33,84.52.118.57,Ireland,Administrative Officer
KniXH,Angelica,Stockoe,astockoe17@altervista.org,Polygender,41,188.85.252.130,Ireland,Software Engineer
Kefjj,Carmel,Dietmar,cdietmar18@hatena.ne.jp,Male,44,67.254.158.104,Ireland,Administrative Officer
FjFBu,Yvonne,Burriss,yburriss19@ftc.gov,Genderfluid,29,191.100.83.147,Australia,Administrative Officer
wx6Nr,Leigh,Allner,lallner1a@google.it,Bigender,48,185.137.26.182,Australia,Software Engineer
Op3cW,Cary,Itschakov,citschakov1b@buzzfeed.com,Agender,20,21.19.234.153,Ireland,Web Developer
38wik,Stacy,MacGinlay,smacginlay1c@rakuten.co.jp,Female,28,125.38.157.204,Ireland,Web Developer
SQhlH,Othilie,Lampart,olampart1d@artisteer.com,Non-binary,57,143.42.97.157,France,Support Technician
w2hjV,Gare,Walters,gwalters1e@clickbank.net,Bigender,53,192.122.38.115,Ireland,Web Developer
K4fqQ,Clyve,Seifenmacher,cseifenmacher1f@studiopress.com,Agender,20,117.197.80.43,Australia,Software Engineer
HBnIo,Donetta,Keysel,dkeysel1g@simplemachines.org,Bigender,60,196.4.169.212,Australia,Web Developer
IdXsV,Seymour,Wise,swise1h@odnoklassniki.ru,Female,33,247.25.128.93,Ireland,Software Engineer
DhfOo,Haleigh,Flye,hflye1i@unesco.org,Non-binary,29,171.226.38.74,Ireland,Software Engineer
vbPqM,Clint,Blaszkiewicz,cblaszkiewicz1j@dailymotion.com,Female,31,188.128.104.79,France,Web Developer
4pBPZ,Mattheus,Lipgens,mlipgens1k@ucoz.com,Male,22,5.47.84.207,Ireland,Software Engineer
3aAgH,Ronald,Skahill,rskahill1l@paypal.com,Bigender,60,200.131.108.67,Ireland,Support Technician
TTBLg,Kaspar,Whitticks,kwhitticks1m@unicef.org,Polygender,20,235.200.24.103,France,Administrative Officer
id38Y,Carmencita,Gilhool,cgilhool1n@opera.com,Agender,35,188.156.165.215,Australia,Software Engineer
MerKB,Tymon,O'Gavin,togavin1o@ucla.edu,Polygender,27,121.247.217.241,Australia,Data Analyst
9PHkY,Bobbye,Brach,bbrach1p@amazon.com,Male,26,205.114.234.93,Ireland,Data Analyst
Dp3ps,Shirley,Rodell,srodell1q@bloglovin.com,Genderqueer,56,204.126.140.89,France,Data Analyst
otQUo,Rafferty,Betts,rbetts1r@ucoz.com,Bigender,32,253.48.255.232,Ireland,Web Developer
dxXAV,Justino,D'Orsay,jdorsay1s@nhs.uk,Female,51,109.163.42.182,Ireland,Web Developer
wlcqJ,Mavis,Damiata,mdamiata1t@twitpic.com,Male,30,192.98.195.73,France,Web Developer
Nvcdk,Zack,Melrose,zmelrose1u@google.ca,Genderfluid,56,11.134.65.242,Australia,Administrative Officer
OcF1K,Zacharia,Trolley,ztrolley1v@ihg.com,Male,24,51.244.199.24,France,Web Developer
0RgBs,Domeniga,Iredale,diredale1w@woothemes.com,Genderfluid,27,204.16.156.2,Ireland,Web Developer
T6Ojg,Marquita,Waker,mwaker1x@dropbox.com,Bigender,34,101.82.165.28,France,Support Technician
bMl3u,Nanine,Tuft,ntuft1y@indiatimes.com,Polygender,41,115.202.238.241,France,Software Engineer
LYRH7,Forest,Roantree,froantree1z@samsung.com,Male,50,84.39.159.2,Ireland,Administrative Officer
zvzYs,Clotilda,Polhill,cpolhill20@usgs.gov,Male,43,52.77.22.212,Ireland,Support Technician
kQQg7,Curr,Tieraney,ctieraney21@ucla.edu,Polygender,22,231.6.200.254,Ireland,Administrative Officer
ICq3f,Robbert,Kunzler,rkunzler22@barnesandnoble.com,Non-binary,48,239.172.233.238,France,Support Technician
O2AFQ,Arnie,Jirek,ajirek23@netvibes.com,Agender,33,45.34.109.147,Australia,Web Developer
1hsrO,Terrell,Milson,tmilson24@who.int,Female,43,26.155.227.15,Australia,Web Developer
L8MSr,Cayla,Mycroft,cmycroft25@sciencedirect.com,Polygender,25,173.18.233.181,Australia,Administrative Officer
dTBVT,Kaine,Gian,kgian26@dropbox.com,Non-binary,33,175.27.42.245,France,Software Engineer
AH7jU,Hanan,Norledge,hnorledge27@mtv.com,Genderfluid,56,14.48.69.32,Australia,Data Analyst
yenuU,Elfrida,Lyokhin,elyokhin28@unc.edu,Male,25,210.192.38.121,Australia,Administrative Officer
2j6tO,Melamie,Brecon,mbrecon29@sciencedaily.com,Bigender,31,3.98.80.155,Ireland,Administrative Officer
7pGwe,Hanna,Jakubovski,hjakubovski2a@addtoany.com,Genderfluid,23,61.77.149.76,Australia,Support Technician
85Rtm,Cordy,Firle,cfirle2b@phpbb.com,Agender,42,226.185.155.154,Ireland,Software Engineer
Vn3nF,Bran,L'Amie,blamie2c@bbb.org,Non-binary,22,145.82.154.135,France,Software Engineer
vHnBv,Roberto,Korf,rkorf2d@cornell.edu,Bigender,56,105.22.99.33,Australia,Support Technician
vBRMX,Kimball,Donovan,kdonovan2e@salon.com,Female,58,169.138.231.49,Ireland,Web Developer
09MK8,Diego,Duhig,dduhig2f@google.ru,Bigender,28,22.165.68.180,Australia,Administrative Officer
Q16Rp,Jone,Mathe,jmathe2g@utexas.edu,Bigender,58,81.184.169.70,France,Administrative Officer
CgYH6,Teddie,Kleinmann,tkleinmann2h@chicagotribune.com,Genderqueer,60,143.220.181.233,Australia,Web Developer
t9UCD,Howey,Batting,hbatting2i@imdb.com,Male,34,221.28.154.225,France,Administrative Officer
PL41g,Jerome,De Metz,jdemetz2j@google.co.jp,Genderfluid,47,105.36.183.42,France,Support Technician
puIPV,Analise,Sparry,asparry2k@infoseek.co.jp,Polygender,24,226.72.251.240,Australia,Web Developer
3OTwn,Ysabel,Reaman,yreaman2l@networkadvertising.org,Polygender,46,112.239.143.44,France,Administrative Officer
4DUYV,Clementina,Rens,crens2m@baidu.com,Non-binary,56,64.51.165.227,Australia,Web Developer
7UOK4,Der,Cornewell,dcornewell2n@wikimedia.org,Bigender,35,157.105.192.224,France,Web Developer
LSY9A,Mehetabel,Meaton,mmeaton2o@redcross.org,Female,45,20.44.95.125,Australia,Software Engineer
HwrMy,Livvyy,MacSwayde,lmacswayde2p@infoseek.co.jp,Genderfluid,37,121.56.203.95,Australia,Support Technician
yGG1T,Jasmin,MacCurtain,jmaccurtain2q@sbwire.com,Genderfluid,45,166.100.18.69,Australia,Support Technician
I2CmF,Raimondo,Jennrich,rjennrich2r@fastcompany.com,Agender,47,143.81.241.150,Australia,Software Engineer
4T0D5,Alvis,Fraczak,afraczak2s@indiatimes.com,Male,44,192.227.114.102,France,Software Engineer
hOTLA,Marcelle,Flement,mflement2t@nsw.gov.au,Genderqueer,27,47.91.129.186,Australia,Software Engineer
GxFzx,Teodor,Vayne,tvayne2u@parallels.com,Agender,26,1.102.36.53,France,Support Technician
7UHYl,Lenora,Marzelle,lmarzelle2v@ucsd.edu,Female,48,147.51.35.248,France,Web Developer
Dv3Fz,Bea,Esposi,besposi2w@nytimes.com,Genderqueer,24,38.68.136.133,France,Software Engineer
Iqnos,Hammad,Treker,htreker2x@phoca.cz,Genderqueer,27,5.195.105.11,Australia,Data Analyst
gHGnW,Anatollo,Sheard,asheard2y@tamu.edu,Polygender,50,194.53.229.76,Australia,Data Analyst
fBeug,Angus,Eglington,aeglington2z@washington.edu,Bigender,29,151.0.203.20,Australia,Web Developer
mOcSQ,Gustaf,Lintot,glintot30@utexas.edu,Male,29,84.196.149.133,Ireland,Support Technician
m89YW,Brad,Lantiff,blantiff31@unc.edu,Genderqueer,37,241.115.247.226,Ireland,Web Developer
zOopl,Rosie,Brandon,rbrandon32@nature.com,Genderfluid,43,169.125.175.101,Australia,Support Technician
CvAt8,Vivia,Pechard,vpechard33@redcross.org,Non-binary,33,219.231.162.26,France,Software Engineer
yTln4,Gearard,Dibden,gdibden34@bing.com,Agender,32,1.107.94.135,France,Support Technician
7HhYU,Brendon,Dossetter,bdossetter35@patch.com,Genderfluid,24,185.43.152.184,France,Data Analyst
IlYpf,Emera,McCuis,emccuis36@newyorker.com,Polygender,47,143.92.253.172,Australia,Support Technician
XRGpt,Siward,Hellewell,shellewell37@utexas.edu,Female,48,213.128.242.145,Australia,Administrative Officer
FTwU8,Clint,Gieves,cgieves38@oaic.gov.au,Female,58,40.16.248.194,Australia,Web Developer
sUb1d,Frasier,Inde,finde39@alexa.com,Genderfluid,28,177.48.34.224,France,Software Engineer
VXOTB,Caz,Cardiff,ccardiff3a@cyberchimps.com,Non-binary,46,191.131.173.17,Australia,Data Analyst
s0sFS,Dottie,Crowcher,dcrowcher3b@freewebs.com,Bigender,50,231.231.128.219,France,Support Technician
h7OmW,Dulcie,Brauner,dbrauner3c@cnet.com,Male,58,141.238.12.240,France,Administrative Officer
ZLaKz,Tan,Weatherell,tweatherell3d@geocities.jp,Female,59,8.163.129.0,France,Software Engineer
7QxuO,Carmelia,Hully,chully3e@sourceforge.net,Bigender,41,190.196.174.130,France,Administrative Officer
SAQr4,Merrel,Urlin,murlin3f@comsenz.com,Female,45,172.90.137.23,Ireland,Support Technician
pbtIx,Erika,Huyche,ehuyche3g@networksolutions.com,Agender,31,145.220.144.78,Ireland,Software Engineer
904k0,Shirlee,Huscroft,shuscroft3h@dedecms.com,Male,42,125.231.201.33,Australia,Data Analyst
sFeV7,Guillermo,McNeilly,gmcneilly3i@unc.edu,Genderfluid,47,46.186.154.54,Australia,Administrative Officer
gMp4v,Yvonne,Knottley,yknottley3j@discovery.com,Genderfluid,57,219.50.104.23,Ireland,Software Engineer
82Fuz,Moina,Tyne,mtyne3k@sogou.com,Agender,53,121.26.226.10,Australia,Data Analyst
fX6mU,Terri,Blei,tblei3l@unesco.org,Agender,39,241.152.110.151,France,Data Analyst
GzYkH,Gregoor,Espinos,gespinos3m@rambler.ru,Agender,42,239.237.248.119,Ireland,Administrative Officer
pAHHD,Linzy,Hollows,lhollows3n@nba.com,Polygender,36,88.162.39.159,France,Support Technician
knNTo,Carmencita,De Zuani,cdezuani3o@gizmodo.com,Polygender,40,67.177.194.224,France,Support Technician
tZfTE,Clim,Kitchenham,ckitchenham3p@msu.edu,Female,60,32.120.110.41,France,Administrative Officer
Bv7lq,Dulce,Turney,dturney3q@theglobeandmail.com,Male,22,105.167.137.149,Australia,Data Analyst
XXrsA,Anthe,Thonason,athonason3r@g.co,Male,36,40.38.99.43,Ireland,Administrative Officer
B68y3,Cecelia,Cogdon,ccogdon3s@ihg.com,Agender,51,249.106.156.167,Australia,Administrative Officer
c3mCY,Birgitta,Provost,bprovost3t@abc.net.au,Polygender,54,106.166.197.83,France,Data Analyst
rktBZ,Nevile,Screas,nscreas3u@mail.ru,Genderqueer,51,18.52.105.153,Ireland,Support Technician
6X4iD,Charity,MacAfee,cmacafee3v@woothemes.com,Genderqueer,44,97.255.201.211,France,Support Technician
gETU5,Garold,Galiford,ggaliford3w@ifeng.com,Non-binary,46,100.66.239.120,Australia,Support Technician
1mZNx,Kirby,MacAnellye,kmacanellye3x@who.int,Male,54,248.137.201.72,Ireland,Data Analyst
MAIf1,Aviva,Makiver,amakiver3y@vk.com,Genderqueer,59,186.220.156.141,France,Support Technician
SAdzT,Gusella,Halsall,ghalsall3z@blog.com,Genderfluid,34,133.141.199.133,Australia,Software Engineer
Zw04T,Eadie,Sijmons,esijmons40@statcounter.com,Agender,21,60.149.221.155,Australia,Software Engineer
fWrlO,Mari,Wanek,mwanek41@mozilla.com,Genderqueer,35,100.113.185.126,Australia,Web Developer
H7cnj,Tobe,Shackelton,tshackelton42@columbia.edu,Genderqueer,27,104.155.0.227,France,Software Engineer
MyZoC,Kaitlin,Kilfeather,kkilfeather43@wikimedia.org,Agender,44,252.65.95.17,Australia,Administrative Officer
3hqLg,Woodie,Mariaud,wmariaud44@webmd.com,Male,22,53.232.212.13,Australia,Web Developer
fNFnC,Garner,Petrussi,gpetrussi45@bloomberg.com,Bigender,38,32.172.151.84,Ireland,Web Developer
9phzb,Christoper,Stubbert,cstubbert46@patch.com,Genderfluid,56,169.91.95.179,France,Software Engineer
oox2b,Kary,Kitchingman,kkitchingman47@apache.org,Genderfluid,58,152.188.38.240,Ireland,Data Analyst
4zzGe,Ram,Middiff,rmiddiff48@sphinn.com,Genderqueer,27,141.24.4.11,France,Administrative Officer
yk1OT,Bev,Philipard,bphilipard49@meetup.com,Genderqueer,44,165.58.243.158,Ireland,Data Analyst
bg0do,Mike,O'Corrin,mocorrin4a@oaic.gov.au,Genderfluid,55,111.91.69.214,France,Data Analyst
m84P3,Dwight,Ingolotti,dingolotti4b@ycombinator.com,Agender,35,218.112.164.245,Australia,Data Analyst
EWaPA,Kelby,Timothy,ktimothy4c@symantec.com,Genderfluid,52,41.211.9.165,Ireland,Software Engineer
DGwac,Margalo,Egdale,megdale4d@scientificamerican.com,Female,38,66.128.54.205,Ireland,Web Developer
djjT8,Pat,Keepence,pkeepence4e@flickr.com,Agender,47,54.232.246.102,Australia,Administrative Officer
hEboJ,Caitrin,Verney,cverney4f@mail.ru,Genderfluid,47,91.244.160.83,Ireland,Software Engineer
NTsmG,Tybie,Shermore,tshermore4g@moonfruit.com,Genderqueer,56,122.110.163.138,France,Data Analyst
6tHvj,Maddie,Kiledal,mkiledal4h@spotify.com,Female,27,187.51.42.246,France,Software Engineer
m1iHw,Margaretta,McCarly,mmccarly4i@mashable.com,Agender,53,233.34.160.167,Ireland,Data Analyst
zSN4N,Berthe,Corck,bcorck4j@omniture.com,Male,30,179.192.168.105,France,Software Engineer
OL1Si,Mathe,Scutchings,mscutchings4k@sphinn.com,Genderfluid,59,51.169.108.63,Ireland,Software Engineer
NYlXP,Trudey,Cummings,tcummings4l@furl.net,Polygender,60,214.123.93.202,France,Administrative Officer
i6AZc,Mariette,Golledge,mgolledge4m@examiner.com,Male,53,14.9.240.161,France,Support Technician
8QFBN,Hagen,Clemencon,hclemencon4n@blog.com,Female,55,202.247.16.175,France,Administrative Officer
2akLS,Sidoney,Sandham,ssandham4o@instagram.com,Genderfluid,46,200.106.114.231,Ireland,Data Analyst
1wkCX,Charlie,Dranfield,cdranfield4p@goodreads.com,Genderqueer,23,96.233.13.23,Ireland,Web Developer
rcc6D,Norrie,Warder,nwarder4q@tripod.com,Genderqueer,41,91.192.19.125,France,Data Analyst
fUare,Lorrayne,Reavell,lreavell4r@google.nl,Polygender,53,17.243.18.178,France,Web Developer
hlMGS,Wendy,Heffron,wheffron4s@yelp.com,Polygender,25,110.58.204.114,Australia,Data Analyst
wdMnR,Averyl,Order,aorder4t@wsj.com,Polygender,26,130.10.234.219,Ireland,Support Technician
2nk3D,Lance,Gonsalvez,lgonsalvez4u@edublogs.org,Agender,58,123.251.62.80,France,Web Developer
Owz4b,Dorelle,Gonnely,dgonnely4v@accuweather.com,Non-binary,56,12.39.55.216,France,Support Technician
FRxVj,Cherie,De Andreis,cdeandreis4w@dailymail.co.uk,Female,54,59.91.89.241,Australia,Web Developer
XPpjn,Aguistin,Gridley,agridley4x@wired.com,Female,47,26.117.126.119,Australia,Administrative Officer
7n77B,Kennie,Collings,kcollings4y@nba.com,Non-binary,25,157.103.202.169,Ireland,Web Developer
9O3Jv,Markos,Severs,msevers4z@prnewswire.com,Non-binary,36,243.244.166.154,Ireland,Support Technician
5YyhD,Dannel,Stollenbeck,dstollenbeck50@craigslist.org,Polygender,30,14.160.150.149,France,Web Developer
YPorz,Cart,Marte,cmarte51@google.co.uk,Male,31,119.100.183.186,France,Software Engineer
A17dB,Neron,Davie,ndavie52@noaa.gov,Genderfluid,52,207.7.110.70,Ireland,Software Engineer
wh8Ml,Kellie,Goodchild,kgoodchild53@cornell.edu,Female,54,139.239.24.190,Ireland,Data Analyst
UVSNc,Kissee,Biasioli,kbiasioli54@jimdo.com,Polygender,41,67.82.12.147,Australia,Web Developer
ZmaUC,Nathaniel,Bullant,nbullant55@4shared.com,Polygender,52,117.11.143.98,Australia,Web Developer
4AGoQ,Eleni,Dax,edax56@wix.com,Genderqueer,44,64.30.20.160,France,Web Developer
ItBOy,Gordon,Boscher,gboscher57@loc.gov,Genderfluid,57,211.163.90.74,Ireland,Data Analyst
QaKYT,Winnifred,Grimsdyke,wgrimsdyke58@miibeian.gov.cn,Genderfluid,30,16.193.184.127,Ireland,Administrative Officer
Q4Hyj,Ferrel,Talman,ftalman59@vinaora.com,Genderqueer,49,12.177.180.166,France,Web Developer
X8fdw,Deeyn,Gildersleeve,dgildersleeve5a@netscape.com,Non-binary,46,55.59.72.33,France,Administrative Officer
0OWT5,Brion,Dericut,bdericut5b@unc.edu,Polygender,26,39.136.209.185,France,Software Engineer
UAzMS,Kristine,Gately,kgately5c@indiatimes.com,Female,31,48.182.18.57,Ireland,Support Technician
eZCO5,Arliene,Ghio,aghio5d@admin.ch,Genderfluid,42,169.188.220.109,Australia,Data Analyst
n7vq3,Friedrick,Gimenez,fgimenez5e@amazon.co.jp,Polygender,46,163.201.217.96,France,Support Technician
rZa4R,Vale,Llewellin,vllewellin5f@yandex.ru,Genderqueer,41,139.169.4.63,Australia,Support Technician
qutVU,Binnie,Desson,bdesson5g@aboutads.info,Female,48,51.243.159.253,Australia,Support Technician
vLPt6,Linnea,Corinton,lcorinton5h@clickbank.net,Genderqueer,32,218.11.180.215,France,Data Analyst
8wC4v,Linnell,Sciusscietto,lsciusscietto5i@buzzfeed.com,Male,53,109.65.62.210,France,Data Analyst
powKm,Palm,Dory,pdory5j@cnn.com,Genderqueer,54,217.18.147.99,Ireland,Support Technician
PoHyF,Granthem,Feldheim,gfeldheim5k@ox.ac.uk,Non-binary,23,10.232.141.234,Ireland,Data Analyst
uqBDG,Alleyn,Castellone,acastellone5l@chronoengine.com,Bigender,55,70.29.34.79,France,Software Engineer
1TBPH,Ema,Dani,edani5m@house.gov,Bigender,36,149.64.145.33,Australia,Web Developer
T6c2G,Sharia,Mottershead,smottershead5n@illinois.edu,Non-binary,41,116.241.50.16,Ireland,Administrative Officer
L8yiv,Ariadne,Hesse,ahesse5o@4shared.com,Male,36,141.53.83.182,Ireland,Software Engineer
EiM86,Reg,Rheubottom,rrheubottom5p@bing.com,Polygender,26,19.161.230.227,Australia,Data Analyst
ABP7r,Gonzales,Schrei,gschrei5q@howstuffworks.com,Genderqueer,39,4.59.51.247,France,Administrative Officer
jiF0N,Ashbey,Cremins,acremins5r@nba.com,Non-binary,50,121.94.36.147,Ireland,Support Technician
oanMT,Cassey,Radoux,cradoux5s@multiply.com,Polygender,39,3.63.210.198,Ireland,Support Technician
HFm2a,Ethyl,Scouller,escouller5t@weebly.com,Agender,33,154.196.36.90,Ireland,Web Developer
bu0El,Earlie,Larn,elarn5u@163.com,Male,56,190.197.168.116,Australia,Administrative Officer
8YFFz,Esmaria,Bentote,ebentote5v@jugem.jp,Non-binary,27,161.213.119.128,France,Administrative Officer
HCdsV,Jamima,Holde,jholde5w@mac.com,Agender,44,186.76.109.196,Australia,Software Engineer
pt5WT,Clayborne,O'Crotty,cocrotty5x@go.com,Genderqueer,38,183.227.123.103,Ireland,Administrative Officer
R9Ho6,Lilla,Lassetter,llassetter5y@rambler.ru,Polygender,41,5.92.34.167,France,Administrative Officer
BF0QJ,Peyton,Falk,pfalk5z@slideshare.net,Genderfluid,48,200.92.211.79,France,Software Engineer
KUHTw,Shayne,Gasticke,sgasticke60@free.fr,Genderfluid,37,223.224.136.7,France,Support Technician
lwKlp,Gav,Wigglesworth,gwigglesworth61@artisteer.com,Male,46,196.24.144.154,France,Data Analyst
TkEw9,Jaclin,Filipychev,jfilipychev62@diigo.com,Female,31,35.219.30.34,Australia,Data Analyst
QNV4z,Ronica,Darte,rdarte63@alibaba.com,Genderqueer,26,47.227.197.97,Ireland,Software Engineer
UswG9,Laurel,Kirckman,lkirckman64@miitbeian.gov.cn,Agender,35,205.251.45.154,Australia,Support Technician
nVqTW,Misha,Skittrell,mskittrell65@vk.com,Polygender,43,153.54.80.166,Australia,Software Engineer
FhR9Y,Melvin,Bradberry,mbradberry66@mac.com,Bigender,41,227.113.50.83,France,Software Engineer
Qtfqf,Clayson,Kubasek,ckubasek67@imageshack.us,Agender,58,87.7.222.152,France,Data Analyst
MKSyz,Rafaelita,Gaunt,rgaunt68@people.com.cn,Polygender,45,114.36.54.65,Ireland,Software Engineer
qDxmf,Chelsey,Childes,cchildes69@smugmug.com,Male,49,180.37.26.100,France,Support Technician
VV3JB,Rosella,Barfford,rbarfford6a@slate.com,Polygender,47,138.118.92.195,France,Support Technician
WGBPQ,Reuven,Shillitoe,rshillitoe6b@usnews.com,Genderfluid,33,28.220.51.70,Ireland,Support Technician
v5gAx,Damiano,Tongue,dtongue6c@noaa.gov,Agender,54,232.156.135.163,France,Administrative Officer
1ykIe,Joelie,Mullally,jmullally6d@bloglines.com,Agender,42,176.204.149.21,Australia,Support Technician
LqC6L,Melva,Zanetello,mzanetello6e@imageshack.us,Genderfluid,31,135.133.15.71,France,Administrative Officer
eigXE,Sapphira,Cleaves,scleaves6f@tiny.cc,Male,33,98.9.157.101,Australia,Software Engineer
dWJHd,Isadora,Gazey,igazey6g@cornell.edu,Non-binary,48,164.90.71.111,France,Web Developer
0IHit,Maurie,Birdwhistell,mbirdwhistell6h@wordpress.org,Female,52,81.239.201.4,France,Support Technician
wIfLt,Cymbre,Cutmare,ccutmare6i@cloudflare.com,Non-binary,30,216.188.2.87,Australia,Web Developer
eHjcA,Homerus,Handover,hhandover6j@skype.com,Agender,26,186.251.99.18,France,Support Technician
0FzQp,Mitchel,Blampy,mblampy6k@china.com.cn,Genderfluid,56,151.40.29.33,Australia,Administrative Officer
LjHNs,Vincenty,Stoak,vstoak6l@google.ca,Male,38,203.79.36.244,France,Data Analyst
abyJk,Eulalie,Antonacci,eantonacci6m@discuz.net,Polygender,54,171.125.139.58,Australia,Web Developer
pU6Ee,Nicole,Hoppner,nhoppner6n@domainmarket.com,Genderfluid,35,64.15.163.70,Ireland,Data Analyst
6sYTL,Armstrong,Ratcliff,aratcliff6o@weibo.com,Agender,49,90.46.106.139,Ireland,Support Technician
vV1Ys,Zsa zsa,Greenland,zgreenland6p@yellowbook.com,Male,31,52.65.224.28,Ireland,Web Developer
XZjfS,Taylor,Trippick,ttrippick6q@fda.gov,Male,46,85.179.129.164,France,Data Analyst
siBWK,Corinna,Tarbox,ctarbox6r@apple.com,Genderqueer,40,236.97.217.25,Ireland,Support Technician
Wyv0J,Fleur,Simms,fsimms6s@clickbank.net,Genderqueer,25,147.3.168.114,France,Software Engineer
cZgc8,Dallon,Biernat,dbiernat6t@bing.com,Female,49,117.245.251.14,Ireland,Data Analyst
mzAQo,Therine,Ferreres,tferreres6u@tripod.com,Genderfluid,21,107.214.47.2,Ireland,Software Engineer
yMFwI,Kerrin,Hymer,khymer6v@dmoz.org,Agender,57,53.67.55.120,Australia,Web Developer
evg5j,Iago,Clixby,iclixby6w@parallels.com,Agender,30,206.202.87.82,Ireland,Administrative Officer
jTZ5s,Aluin,Bendel,abendel6x@miibeian.gov.cn,Non-binary,43,142.191.33.230,Australia,Support Technician
iH1to,Vinson,Angeau,vangeau6y@dropbox.com,Agender,46,25.149.146.216,France,Support Technician
iEwPB,Randy,Bucknill,rbucknill6z@e-recht24.de,Female,33,131.49.246.175,France,Administrative Officer
cGq1T,Cris,Wilden,cwilden70@amazon.com,Genderqueer,24,158.244.132.65,Ireland,Web Developer
bUYqA,Scotti,Hardie,shardie71@canalblog.com,Agender,27,151.190.56.150,Ireland,Support Technician
bI9pD,Roana,Casol,rcasol72@wordpress.com,Female,54,32.41.90.190,Ireland,Web Developer
3s8nA,Talia,Juste,tjuste73@ucla.edu,Polygender,20,233.139.171.186,Ireland,Software Engineer
p26l3,Quintin,Drohane,qdrohane74@qq.com,Female,50,204.245.60.232,Ireland,Web Developer
XUs7W,Hatty,Rosini,hrosini75@hugedomains.com,Agender,59,109.44.68.82,France,Data Analyst
IK9CV,Ettore,Wrinch,ewrinch76@weibo.com,Genderqueer,37,76.89.77.235,Ireland,Support Technician
e3H7A,Leroi,Gonet,lgonet77@wp.com,Male,43,193.67.96.236,Ireland,Data Analyst
mCyXL,Giffer,Guiducci,gguiducci78@theglobeandmail.com,Male,49,40.112.179.236,Australia,Data Analyst
3k3CX,Major,Impy,mimpy79@businessinsider.com,Non-binary,23,51.173.168.12,Ireland,Support Technician
S1EDJ,Yance,Dunne,ydunne7a@sfgate.com,Female,55,62.116.140.127,Australia,Web Developer
FTqxq,Pall,Orrock,porrock7b@comcast.net,Agender,27,188.208.175.62,France,Software Engineer
iAXhp,Juline,Tebald,jtebald7c@devhub.com,Female,28,5.13.64.254,France,Web Developer
sqlGj,Eldridge,Parsonson,eparsonson7d@sohu.com,Polygender,38,144.160.220.150,Australia,Software Engineer
TvCsZ,Hercules,Ruilton,hruilton7e@vistaprint.com,Polygender,26,106.129.250.9,Ireland,Support Technician
LK42h,Norrie,Cudby,ncudby7f@issuu.com,Genderqueer,31,94.188.13.83,Australia,Support Technician
Q2E5U,Andrei,Nowlan,anowlan7g@bigcartel.com,Male,36,101.69.159.95,Australia,Web Developer
qTXQG,Juan,Undrell,jundrell7h@soundcloud.com,Agender,21,87.12.195.204,Ireland,Software Engineer
2tAzD,Angus,Blaszczak,ablaszczak7i@moonfruit.com,Genderfluid,39,204.164.178.193,France,Administrative Officer
4SDJU,Bea,Fiddeman,bfiddeman7j@phpbb.com,Bigender,52,155.55.217.243,France,Data Analyst
B83yh,Kalila,Guest,kguest7k@imgur.com,Agender,42,47.248.243.194,Ireland,Data Analyst
eLm4E,Irene,Galliver,igalliver7l@ihg.com,Agender,30,23.214.78.245,Ireland,Data Analyst
rseq9,Noreen,Fairbourn,nfairbourn7m@ucoz.com,Non-binary,23,44.222.160.82,Ireland,Software Engineer
yrPG8,Alwyn,Klemt,aklemt7n@alexa.com,Genderqueer,50,207.177.71.96,Australia,Data Analyst
UbRpt,Brendan,Grayley,bgrayley7o@nih.gov,Female,53,81.194.217.43,Ireland,Administrative Officer
h1Ctd,Pearle,Palatino,ppalatino7p@npr.org,Polygender,41,35.69.244.150,Ireland,Support Technician
H0dzv,Don,Braybrooke,dbraybrooke7q@businessinsider.com,Polygender,27,64.63.114.67,Australia,Data Analyst
HeRE6,Torey,Witz,twitz7r@elegantthemes.com,Genderqueer,20,252.145.189.60,Australia,Administrative Officer
u3QWp,Deanna,Petrushkevich,dpetrushkevich7s@odnoklassniki.ru,Agender,36,172.99.134.84,Ireland,Web Developer
8oYTi,Teddy,Dowry,tdowry7t@theglobeandmail.com,Agender,42,70.98.150.75,France,Support Technician
41q8z,Selinda,Frayne,sfrayne7u@xrea.com,Polygender,40,99.200.230.185,Ireland,Web Developer
4l07e,Bevon,Kezor,bkezor7v@simplemachines.org,Polygender,25,209.244.25.1,Ireland,Web Developer
JQb3l,Rivkah,Bernardotti,rbernardotti7w@squarespace.com,Genderqueer,30,163.137.234.200,France,Administrative Officer
103K6,Wendi,Rudolph,wrudolph7x@soup.io,Bigender,46,188.247.217.208,Australia,Administrative Officer
AUIVc,Emlyn,Petracek,epetracek7y@arstechnica.com,Genderfluid,44,243.68.162.200,France,Administrative Officer
GfUfp,Immanuel,Ducastel,iducastel7z@soup.io,Agender,50,193.8.212.89,France,Support Technician
AAF3b,Paton,Pinnere,ppinnere80@ustream.tv,Agender,30,2.194.49.209,France,Data Analyst
UDpdD,Venita,Prantoni,vprantoni81@imdb.com,Genderqueer,49,208.148.246.226,France,Administrative Officer
lMAPN,Cassius,Erbe,cerbe82@ycombinator.com,Non-binary,53,70.252.246.34,France,Web Developer
YSVjA,Bob,Craydon,bcraydon83@harvard.edu,Polygender,59,248.102.175.193,France,Administrative Officer
ezKnN,Gaynor,Clac,gclac84@slate.com,Genderqueer,39,194.252.24.62,Ireland,Software Engineer
yLHoL,Reuben,Morrad,rmorrad85@cyberchimps.com,Genderqueer,24,141.91.190.220,France,Administrative Officer
qykdu,Sheilakathryn,De-Ville,sdeville86@noaa.gov,Female,52,135.19.254.175,Ireland,Administrative Officer
8Pjjj,Timothy,Van Arsdall,tvanarsdall87@wikia.com,Genderfluid,40,248.213.231.6,Australia,Web Developer
RNjXq,Dame,McLoney,dmcloney88@dot.gov,Agender,23,121.11.103.23,France,Administrative Officer
uzJj8,Knox,Bissiker,kbissiker89@cyberchimps.com,Non-binary,24,219.195.80.102,Ireland,Web Developer
dL9Bg,Bernetta,Geillier,bgeillier8a@dailymotion.com,Polygender,26,178.160.103.25,France,Support Technician
3RS6t,Karel,Jaggs,kjaggs8b@bing.com,Polygender,53,126.163.224.221,Ireland,Administrative Officer
yi2jc,Edna,Ivett,eivett8c@vimeo.com,Bigender,20,52.0.44.211,Australia,Software Engineer
t1Hlv,Bobinette,Cardo,bcardo8d@virginia.edu,Polygender,40,44.159.170.40,France,Software Engineer
LBTE4,Lauren,Garry,lgarry8e@psu.edu,Polygender,47,215.171.192.111,Australia,Administrative Officer
XXKRu,Ardine,Want,awant8f@ocn.ne.jp,Non-binary,52,208.219.18.30,Ireland,Web Developer
wqvHT,Carmela,Prator,cprator8g@hibu.com,Polygender,25,106.103.94.141,Ireland,Web Developer
3NDUR,Stepha,Vala,svala8h@nature.com,Non-binary,55,48.147.18.84,France,Support Technician
5KOHg,Kevina,Woolager,kwoolager8i@house.gov,Female,20,182.252.46.141,France,Web Developer
jokCf,Zenia,Plaid,zplaid8j@google.ru,Agender,32,155.114.178.123,Ireland,Data Analyst
1Hwg9,Stacy,Maharey,smaharey8k@eventbrite.com,Female,33,189.155.190.29,Ireland,Software Engineer
BKx0d,Aurore,Ridel,aridel8l@themeforest.net,Bigender,56,6.96.245.129,France,Web Developer
WJPoN,Cosmo,Trunks,ctrunks8m@google.com.hk,Genderqueer,33,192.151.71.43,Ireland,Administrative Officer
pej9j,Ailyn,McCaighey,amccaighey8n@yellowpages.com,Male,30,235.249.199.219,Ireland,Administrative Officer
3qwle,Cele,Adaway,cadaway8o@sohu.com,Female,46,181.163.116.11,Ireland,Data Analyst
Po4g5,Myrtia,Duval,mduval8p@nature.com,Agender,47,85.202.157.201,France,Software Engineer
HSFRO,Rod,Kulas,rkulas8q@biblegateway.com,Non-binary,47,115.37.61.46,France,Software Engineer
sbIaz,Pren,Matuszak,pmatuszak8r@sakura.ne.jp,Genderfluid,52,109.219.25.59,France,Administrative Officer
bwriO,Barde,Gover,bgover8s@google.com.hk,Polygender,22,120.251.234.198,France,Web Developer
O0ciN,Tish,Perren,tperren8t@plala.or.jp,Genderfluid,29,153.192.43.210,France,Software Engineer
TNjas,Trudy,Beldan,tbeldan8u@sitemeter.com,Bigender,53,171.71.101.188,Ireland,Administrative Officer
m8xVk,Nana,Shilvock,nshilvock8v@over-blog.com,Polygender,20,6.63.100.254,Ireland,Web Developer
YyI45,Alix,Strase,astrase8w@noaa.gov,Agender,41,51.149.253.98,Ireland,Data Analyst
6RiAD,Bren,Symson,bsymson8x@noaa.gov,Non-binary,52,109.164.234.206,Australia,Data Analyst
m36qH,Rozamond,Greenly,rgreenly8y@purevolume.com,Non-binary,57,222.101.182.122,Australia,Software Engineer
bH8GD,Talya,Holsall,tholsall8z@booking.com,Bigender,31,84.86.102.47,France,Web Developer
pmlIl,Waldon,Fishbourn,wfishbourn90@mashable.com,Bigender,42,132.52.254.80,Australia,Data Analyst
1wPjC,Ashli,Judge,ajudge91@bigcartel.com,Bigender,54,72.243.234.86,France,Software Engineer
rYoIN,Odell,Domone,odomone92@sourceforge.net,Bigender,41,255.136.124.117,Ireland,Support Technician
zU6SG,Jolee,Goodbarr,jgoodbarr93@xinhuanet.com,Agender,25,182.11.20.81,Australia,Administrative Officer
SO8tq,Danni,Iglesias,diglesias94@zdnet.com,Agender,36,157.148.193.81,Ireland,Administrative Officer
Yn7FI,Selena,Woosnam,swoosnam95@ovh.net,Genderfluid,23,234.228.134.47,Australia,Software Engineer
NZGt9,Karlie,Danick,kdanick96@hatena.ne.jp,Female,20,67.38.36.58,France,Support Technician
MruZs,Myranda,Geerling,mgeerling97@eepurl.com,Female,32,55.158.33.172,France,Support Technician
VygiP,Antonetta,Jorissen,ajorissen98@domainmarket.com,Agender,57,217.212.249.8,Australia,Support Technician
PKc4K,Base,Abramowsky,babramowsky99@wiley.com,Female,44,4.48.66.78,France,Software Engineer
WKJwY,Vyky,Sprigging,vsprigging9a@spotify.com,Genderfluid,51,95.91.183.67,France,Software Engineer
HPxW0,Germayne,Conwell,gconwell9b@naver.com,Agender,47,20.230.92.239,Ireland,Web Developer
yaSXA,Emelda,Habershon,ehabershon9c@tinyurl.com,Non-binary,41,247.65.196.80,France,Support Technician
JD8WV,Amargo,Olanda,aolanda9d@themeforest.net,Male,38,169.154.247.40,Australia,Administrative Officer
40M29,Hurleigh,Gieraths,hgieraths9e@dot.gov,Genderfluid,58,125.122.87.89,France,Data Analyst
0i4yQ,Pepita,Gorsse,pgorsse9f@google.fr,Bigender,55,27.237.183.60,France,Support Technician
KejW0,Jennifer,Earry,jearry9g@java.com,Non-binary,41,115.168.100.128,Ireland,Support Technician
tcF9Z,Bradley,Gilbard,bgilbard9h@bravesites.com,Polygender,60,228.152.94.19,France,Support Technician
q1HIW,Jarrad,Callis,jcallis9i@cisco.com,Bigender,38,100.110.161.245,France,Data Analyst
A74Ba,Dick,McSpirron,dmcspirron9j@apache.org,Bigender,32,218.29.59.111,France,Support Technician
H0Dxa,Bobinette,Potes,bpotes9k@hexun.com,Bigender,51,122.206.133.143,Australia,Administrative Officer
etBrG,Kaitlin,Ros,kros9l@sphinn.com,Genderqueer,42,9.16.224.79,France,Software Engineer
GvwPl,Royall,Heath,rheath9m@businessweek.com,Male,28,186.250.210.82,Ireland,Data Analyst
ses8V,Padget,Katte,pkatte9n@amazon.de,Male,60,232.115.99.37,Ireland,Support Technician
pZBG0,Etan,Crucitti,ecrucitti9o@storify.com,Non-binary,23,13.222.255.222,Ireland,Software Engineer
IoKEb,Lyndsay,McCallister,lmccallister9p@sourceforge.net,Male,60,135.250.166.214,Australia,Support Technician
kWyG8,Field,Kitcherside,fkitcherside9q@last.fm,Genderfluid,24,62.209.228.224,Australia,Support Technician
PJLZw,Cristen,Remmer,cremmer9r@phoca.cz,Bigender,42,190.109.177.9,France,Software Engineer
5zVEV,Caitlin,Boynes,cboynes9s@thetimes.co.uk,Polygender,41,255.2.185.110,France,Data Analyst
8CPVH,Port,Petrulis,ppetrulis9t@1und1.de,Genderqueer,26,92.33.2.172,Ireland,Software Engineer
Gb3CQ,Mariette,Braidman,mbraidman9u@google.co.uk,Genderqueer,59,226.194.154.228,France,Administrative Officer
kOsRJ,Lindie,Peploe,lpeploe9v@ameblo.jp,Male,40,192.173.188.70,France,Data Analyst
ib0s2,Elspeth,Hodjetts,ehodjetts9w@businessweek.com,Female,23,251.210.77.252,Ireland,Software Engineer
QOBBH,Rosaline,Gillinghams,rgillinghams9x@yandex.ru,Polygender,23,89.13.137.43,France,Software Engineer
9P3MT,Coreen,Caunter,ccaunter9y@163.com,Genderfluid,53,7.50.22.139,Ireland,Administrative Officer
Kwy2s,Beulah,Bygott,bbygott9z@ed.gov,Bigender,58,157.130.33.237,Ireland,Support Technician
9mTx4,Frederico,MacGillreich,fmacgillreicha0@wordpress.org,Genderfluid,48,37.213.42.87,France,Administrative Officer
TXf7y,Wallace,Millhill,wmillhilla1@feedburner.com,Non-binary,57,210.243.98.139,Australia,Web Developer
yfSNJ,Darrelle,Jaukovic,djaukovica2@yelp.com,Genderqueer,25,118.65.58.218,France,Support Technician
0656I,Burg,Vardie,bvardiea3@jimdo.com,Non-binary,50,185.118.193.160,Ireland,Data Analyst
5QeVh,Crin,Mault,cmaulta4@mysql.com,Male,21,32.85.140.117,Ireland,Web Developer
jBvru,Ave,Andree,aandreea5@deviantart.com,Female,36,124.211.228.41,France,Data Analyst
TQ1vn,Angelo,Nellen,anellena6@behance.net,Agender,32,157.130.163.66,Australia,Support Technician
nTswq,Reuben,Grellis,rgrellisa7@msu.edu,Genderqueer,43,191.118.233.200,Ireland,Data Analyst
RogGF,Jay,Stile,jstilea8@example.com,Female,37,0.38.102.151,Ireland,Support Technician
CofcF,Peggie,Skip,pskipa9@flavors.me,Non-binary,49,162.174.1.163,Ireland,Web Developer
UUrIe,Teodorico,Hothersall,thothersallaa@nyu.edu,Non-binary,55,90.84.56.115,Australia,Software Engineer
ECesE,Devy,Barnshaw,dbarnshawab@illinois.edu,Genderfluid,54,60.254.210.242,Ireland,Web Developer
YRwnh,Malinda,Doale,mdoaleac@marketwatch.com,Agender,50,54.151.36.242,France,Software Engineer
lWlNz,Waylen,Capineer,wcapineerad@ucoz.ru,Male,38,177.132.232.98,Australia,Support Technician
u8VnH,Melina,Von Welden,mvonweldenae@elegantthemes.com,Bigender,53,161.75.64.167,Australia,Administrative Officer
3Ojhk,Bond,Erik,berikaf@smh.com.au,Genderqueer,29,239.184.239.146,Ireland,Software Engineer
b7Zhv,Stanislaw,Webermann,swebermannag@webnode.com,Genderqueer,40,14.208.120.205,Ireland,Software Engineer
iHig1,Zackariah,Thomton,zthomtonah@bandcamp.com,Polygender,35,164.236.157.233,Ireland,Software Engineer
JkccD,Sven,Teek,steekai@forbes.com,Male,59,222.141.124.84,Australia,Web Developer
9zEKh,Michale,Draysey,mdrayseyaj@lycos.com,Polygender,30,65.190.66.51,France,Web Developer
L7QWp,Birdie,Cuchey,bcucheyak@storify.com,Non-binary,51,67.118.150.198,Ireland,Software Engineer
84BPv,Vivianna,Bogey,vbogeyal@berkeley.edu,Female,53,140.168.228.184,Ireland,Administrative Officer
dmWzi,Lynne,Medina,lmedinaam@dion.ne.jp,Genderqueer,31,225.127.255.247,Australia,Software Engineer
7xMUQ,Judye,Sharvell,jsharvellan@stanford.edu,Genderfluid,50,61.96.42.138,Ireland,Data Analyst
oryOD,Cristen,Graalmans,cgraalmansao@businesswire.com,Female,30,82.92.219.209,Ireland,Data Analyst
yZlWU,Elnora,Esche,eescheap@furl.net,Genderqueer,58,9.193.239.54,Ireland,Software Engineer
T1ADN,Gilles,Gummory,ggummoryaq@issuu.com,Bigender,22,205.71.24.140,Ireland,Data Analyst
VUvr6,Melesa,Roxburgh,mroxburghar@storify.com,Male,34,185.110.60.53,France,Software Engineer
Nl78Q,Dore,Massingberd,dmassingberdas@skype.com,Genderfluid,31,251.249.211.200,Australia,Data Analyst
Q7Zcx,Kat,Timeby,ktimebyat@google.es,Non-binary,55,66.18.19.65,Ireland,Web Developer
73rmm,Morganica,Dicky,mdickyau@biglobe.ne.jp,Non-binary,26,218.120.242.147,Ireland,Web Developer
obMsa,Grace,Dounbare,gdounbareav@ycombinator.com,Bigender,56,11.44.18.70,Ireland,Data Analyst
BQsdF,Seth,Londors,slondorsaw@scientificamerican.com,Agender,48,211.196.46.5,France,Web Developer
WSD0e,Moll,Nutten,mnuttenax@nature.com,Female,57,146.70.100.173,Ireland,Software Engineer
MQCMK,Rufe,Weildish,rweildishay@hugedomains.com,Genderqueer,25,114.114.233.95,Ireland,Web Developer
CLZFh,Rayna,Choppin,rchoppinaz@furl.net,Agender,46,85.245.150.254,France,Web Developer
ihtnH,Jorgan,Theakston,jtheakstonb0@aol.com,Polygender,57,194.97.197.195,France,Administrative Officer
a30pX,Constantino,Tabourier,ctabourierb1@geocities.jp,Genderfluid,28,105.178.121.103,France,Web Developer
dlOuv,Celesta,Redd,creddb2@acquirethisname.com,Female,41,23.110.149.186,Australia,Software Engineer
61ouw,Frank,Dy,fdyb3@ftc.gov,Agender,47,86.207.53.98,Ireland,Administrative Officer
tpDfa,Engelbert,Colebrook,ecolebrookb4@cbc.ca,Polygender,38,41.248.148.156,Australia,Data Analyst
nMOC2,Georg,Beste,gbesteb5@naver.com,Bigender,33,40.207.251.150,France,Data Analyst
i7623,Tomaso,Frow,tfrowb6@elegantthemes.com,Female,48,193.43.114.202,Australia,Support Technician
CG0oq,Cam,Cagan,ccaganb7@home.pl,Agender,24,79.43.181.221,France,Support Technician
14Ugl,Andy,Chedzoy,achedzoyb8@newyorker.com,Genderqueer,27,153.113.24.96,Australia,Data Analyst
DnPsH,Carmelina,Rosenauer,crosenauerb9@ezinearticles.com,Genderqueer,52,194.106.4.190,Ireland,Web Developer
AXYHk,Lorraine,Domenichelli,ldomenichelliba@prnewswire.com,Female,23,93.14.66.101,France,Support Technician
efGjx,Carney,Wheldon,cwheldonbb@google.com,Male,59,221.112.130.81,Australia,Data Analyst
tCffk,Alexina,Truder,atruderbc@time.com,Female,54,73.181.5.207,Australia,Support Technician
Bdufw,Dusty,Honsch,dhonschbd@instagram.com,Polygender,53,106.175.159.100,Ireland,Support Technician
oLPkg,Yance,Andretti,yandrettibe@joomla.org,Female,39,66.82.9.90,France,Data Analyst
xvQGp,Alisun,Missen,amissenbf@feedburner.com,Polygender,31,118.175.194.65,Australia,Web Developer
B1B0e,Harbert,Saurat,hsauratbg@infoseek.co.jp,Genderqueer,37,229.124.245.160,Ireland,Web Developer
x24m2,Noelyn,Foldes,nfoldesbh@360.cn,Female,41,61.35.215.7,France,Administrative Officer
Tz9gN,Adora,Shaefer,ashaeferbi@jalbum.net,Male,25,120.145.192.85,Ireland,Support Technician
i8jPC,Elton,Nertney,enertneybj@php.net,Genderqueer,58,146.243.67.174,Ireland,Support Technician
He3sx,Nikolai,Haldane,nhaldanebk@newyorker.com,Polygender,28,142.176.154.140,Australia,Data Analyst
ONkB1,Damaris,Rosenblatt,drosenblattbl@slate.com,Polygender,36,136.105.216.244,Ireland,Data Analyst
hmgHm,Quillan,Laughtisse,qlaughtissebm@symantec.com,Genderqueer,48,149.67.241.92,Australia,Support Technician
LdZjO,Aristotle,Gorke,agorkebn@telegraph.co.uk,Agender,41,133.78.102.6,Australia,Software Engineer
xrJSx,Blondell,Gronaller,bgronallerbo@addtoany.com,Genderfluid,45,186.232.222.237,Ireland,Software Engineer
0MBP5,Gerry,Joderli,gjoderlibp@tinypic.com,Polygender,53,160.242.65.233,France,Software Engineer
n9DYZ,Anthea,Mothersdale,amothersdalebq@samsung.com,Male,60,211.35.169.10,Ireland,Web Developer
NIO26,Diego,Jarad,djaradbr@senate.gov,Female,39,207.63.26.16,Australia,Administrative Officer
97tae,Waldon,Slatford,wslatfordbs@yolasite.com,Agender,30,162.151.46.18,France,Support Technician
7Rs3p,Korney,Scarman,kscarmanbt@pagesperso-orange.fr,Polygender,40,169.34.183.185,Australia,Support Technician
2T74I,Alwyn,Bearn,abearnbu@geocities.com,Polygender,56,206.215.189.148,Australia,Administrative Officer
0JyDk,Alis,Bonas,abonasbv@multiply.com,Genderfluid,24,44.169.226.184,Australia,Software Engineer
edE21,Jorgan,Hew,jhewbw@ted.com,Genderfluid,35,230.47.127.50,France,Support Technician
uAKia,Barby,Derington,bderingtonbx@wp.com,Agender,40,223.190.177.88,France,Web Developer
HHL7F,Dollie,Ledgeway,dledgewayby@vistaprint.com,Bigender,52,51.240.92.46,Ireland,Support Technician
YEzxr,Randy,Puttrell,rputtrellbz@walmart.com,Non-binary,21,141.245.243.14,France,Web Developer
CQxGT,Pennie,Semmence,psemmencec0@yandex.ru,Female,47,90.156.187.221,Ireland,Support Technician
58uUo,Paige,Wilbore,pwilborec1@microsoft.com,Genderqueer,37,51.38.208.250,Australia,Data Analyst
2gVHO,Henka,Pietrusiak,hpietrusiakc2@fc2.com,Bigender,33,89.128.141.241,Ireland,Support Technician
DnAZU,Flynn,Itzkovwich,fitzkovwichc3@wikispaces.com,Agender,34,94.148.54.137,Australia,Support Technician
SpRFg,Ynez,Bailess,ybailessc4@mapy.cz,Non-binary,28,134.93.115.80,France,Web Developer
COyAZ,Nadine,D'Emanuele,ndemanuelec5@1688.com,Polygender,45,72.136.32.207,Ireland,Support Technician
8IzTA,Kennie,Benton,kbentonc6@spotify.com,Genderfluid,34,163.18.117.131,Australia,Software Engineer
V2E6w,Garvin,Kighly,gkighlyc7@paginegialle.it,Bigender,42,180.111.201.87,Ireland,Data Analyst
zzzKz,Aldis,Worsam,aworsamc8@slideshare.net,Male,48,216.67.19.244,Australia,Web Developer
OoRom,Kaja,Blabey,kblabeyc9@jiathis.com,Female,53,214.251.190.245,Ireland,Web Developer
EsDM2,Weidar,Anthoney,wanthoneyca@uol.com.br,Polygender,29,121.19.10.205,Australia,Web Developer
mGGO4,Theadora,Tourville,ttourvillecb@mayoclinic.com,Non-binary,38,33.20.113.113,Ireland,Data Analyst
JRjZw,Winnah,Scrowston,wscrowstoncc@slate.com,Male,26,21.176.176.255,Ireland,Software Engineer
qpSIS,Pris,Cauldwell,pcauldwellcd@mail.ru,Genderfluid,28,99.98.236.241,Australia,Data Analyst
pu4dP,Sharleen,Faulconer,sfaulconerce@hibu.com,Genderqueer,23,158.8.120.68,France,Data Analyst
zBEoE,Enid,Rookesby,erookesbycf@yahoo.co.jp,Female,39,66.247.110.70,Australia,Support Technician
neMAi,Rycca,Dulanty,rdulantycg@mashable.com,Non-binary,24,93.208.237.9,France,Administrative Officer
2CAc6,Finlay,Wrankling,fwranklingch@topsy.com,Bigender,54,68.8.162.207,Australia,Administrative Officer
bR6tl,Ferrel,Ginnelly,fginnellyci@admin.ch,Genderqueer,30,174.164.236.17,Ireland,Web Developer
lKa2m,Jessey,Pead,jpeadcj@hibu.com,Female,27,118.20.8.134,Ireland,Data Analyst
oIBgh,Shaina,Dodridge,sdodridgeck@businessinsider.com,Bigender,54,240.220.181.93,Australia,Software Engineer
YMphl,Madlin,Hawkswell,mhawkswellcl@samsung.com,Genderqueer,52,8.47.134.107,France,Support Technician
uArap,Adriane,Maxfield,amaxfieldcm@vimeo.com,Non-binary,42,255.149.0.183,Ireland,Data Analyst
TTZyg,Aristotle,McChesney,amcchesneycn@domainmarket.com,Non-binary,60,193.37.224.55,France,Support Technician
Qz6bL,Elnore,Leat,eleatco@e-recht24.de,Polygender,31,113.212.55.110,Ireland,Web Developer
TLlJh,Jeannine,Longford,jlongfordcp@bravesites.com,Genderfluid,59,89.17.212.3,Australia,Software Engineer
IN9AZ,Guido,Kenelin,gkenelincq@myspace.com,Non-binary,58,181.31.49.207,Australia,Data Analyst
CgspQ,Goldy,Pauluzzi,gpauluzzicr@blog.com,Bigender,57,68.53.154.4,Australia,Web Developer
FzQ1w,Shaun,Hatchman,shatchmancs@google.pl,Bigender,48,139.27.116.137,France,Support Technician
2nn8I,Evyn,Forty,efortyct@hatena.ne.jp,Female,60,178.73.9.206,Ireland,Software Engineer
Kk1bg,Cayla,Bloxland,cbloxlandcu@europa.eu,Genderqueer,52,81.238.214.249,Ireland,Software Engineer
6Ofx3,Jozef,Witnall,jwitnallcv@virginia.edu,Bigender,41,248.229.98.50,France,Web Developer
NSsqO,Lilith,Leifer,lleifercw@mozilla.org,Bigender,20,28.207.229.75,Ireland,Administrative Officer
HryP9,Teodora,Adger,tadgercx@trellian.com,Female,47,223.182.247.126,Ireland,Support Technician
MXZ67,Adair,Szymoni,aszymonicy@slashdot.org,Female,36,138.175.82.114,France,Support Technician
COjZE,Horatia,Mapam,hmapamcz@soundcloud.com,Genderfluid,36,56.184.249.165,Ireland,Data Analyst
Sog0G,Nelson,Dessant,ndessantd0@artisteer.com,Non-binary,32,31.108.2.233,Ireland,Data Analyst
I1PdW,Burlie,Tuckey,btuckeyd1@va.gov,Bigender,22,201.5.248.17,France,Support Technician
rxtui,Blanch,Entwisle,bentwisled2@mapy.cz,Genderqueer,37,55.17.169.146,Ireland,Web Developer
1zug4,Gannon,Watson-Brown,gwatsonbrownd3@nyu.edu,Agender,44,140.173.238.118,Australia,Administrative Officer
5sT0C,Yard,Sitlinton,ysitlintond4@myspace.com,Polygender,22,13.250.241.216,Australia,Web Developer
ybxvR,Norrie,Exall,nexalld5@shinystat.com,Genderfluid,54,187.41.181.38,Australia,Software Engineer
1tZRi,Harald,Phelp,hphelpd6@github.com,Genderqueer,50,206.132.196.229,France,Administrative Officer
aEaXn,Skip,Groll,sgrolld7@amazon.co.uk,Agender,58,74.92.176.88,Ireland,Data Analyst
K4PPb,Nat,Uff,nuffd8@toplist.cz,Genderqueer,43,214.229.217.69,Ireland,Software Engineer
B4oHL,Julienne,Applewhaite,japplewhaited9@pen.io,Genderqueer,44,222.195.201.130,Australia,Web Developer
LrB9t,Antoine,Lownsbrough,alownsbroughda@freewebs.com,Genderqueer,21,107.114.206.112,France,Support Technician
O31U1,Debbie,Stainsby,dstainsbydb@npr.org,Polygender,25,246.246.119.234,Australia,Data Analyst
gXXWJ,Adara,Phelipeau,aphelipeaudc@gmpg.org,Male,34,236.137.21.114,Australia,Web Developer
IzSVi,Leann,Rubbens,lrubbensdd@digg.com,Polygender,41,80.189.237.232,France,Data Analyst
uy9NX,Bruno,Simmell,bsimmellde@nsw.gov.au,Polygender,41,103.249.221.9,Australia,Software Engineer
R4N4o,Angelina,Derobert,aderobertdf@php.net,Female,51,73.147.186.86,Australia,Administrative Officer
51GE2,Olag,Oaten,ooatendg@barnesandnoble.com,Non-binary,50,58.120.140.167,France,Administrative Officer
Ohfbl,Zorina,Osband,zosbanddh@twitter.com,Female,23,166.36.121.241,France,Support Technician
1AXAL,Vivien,Mitro,vmitrodi@fotki.com,Male,37,226.186.150.127,France,Web Developer
GKvmo,Lemar,Latch,llatchdj@theglobeandmail.com,Genderfluid,29,39.196.175.141,Australia,Software Engineer
g9Lpe,Orson,Hrinchenko,ohrinchenkodk@desdev.cn,Female,45,30.140.150.63,France,Administrative Officer
engdO,Gabi,Bosanko,gbosankodl@desdev.cn,Agender,23,204.230.164.209,Australia,Web Developer
XDwn8,Magda,Gullen,mgullendm@networksolutions.com,Bigender,23,58.205.46.93,Ireland,Data Analyst
uF0WN,Fey,Sich,fsichdn@behance.net,Genderfluid,56,164.94.228.158,Ireland,Web Developer
GCheb,Josie,Penniell,jpennielldo@amazonaws.com,Agender,59,167.226.116.204,France,Support Technician
vAaRx,Sherman,Keene,skeenedp@tumblr.com,Agender,30,240.107.216.234,France,Support Technician
6pTUh,Nellie,Lubman,nlubmandq@behance.net,Polygender,21,169.250.162.126,France,Support Technician
3Ys8C,Jessika,O'Gready,jogreadydr@sohu.com,Genderfluid,52,189.200.247.77,Ireland,Web Developer
VhZUR,Junina,Beavers,jbeaversds@businessinsider.com,Non-binary,46,51.176.141.99,France,Web Developer
XobSv,Tara,Laity,tlaitydt@addtoany.com,Agender,25,47.118.229.228,France,Software Engineer
G8UpA,Katleen,Bixley,kbixleydu@wsj.com,Genderfluid,44,77.63.126.191,Ireland,Data Analyst
OXwnD,Aksel,Beamish,abeamishdv@ifeng.com,Polygender,53,155.189.13.195,Ireland,Web Developer
FBugh,Samara,Frizell,sfrizelldw@upenn.edu,Genderfluid,57,65.6.101.1,Australia,Software Engineer
82y02,Stirling,McAllan,smcallandx@rakuten.co.jp,Genderfluid,48,218.147.72.117,Ireland,Support Technician
jk1Oc,Samuel,Clarson,sclarsondy@walmart.com,Polygender,32,13.219.148.90,Ireland,Support Technician
JZ4js,Kylie,Bru,kbrudz@discuz.net,Non-binary,53,112.52.179.127,Ireland,Administrative Officer
jmyyA,Maura,Khoter,mkhotere0@admin.ch,Non-binary,47,255.3.77.133,France,Web Developer
MJ2ZE,Udell,Parton,upartone1@soup.io,Polygender,28,198.160.204.244,Australia,Data Analyst
5DCDI,Edeline,Watkins,ewatkinse2@edublogs.org,Female,39,204.222.91.241,France,Support Technician
yj7j2,Tarrah,Lamberth,tlamberthe3@wisc.edu,Agender,56,154.249.110.160,Australia,Web Developer
0leVX,Bernelle,Weyland,bweylande4@va.gov,Male,38,45.50.215.107,Ireland,Support Technician
ikX61,Shel,Tribbeck,stribbecke5@nba.com,Bigender,37,99.155.78.26,Australia,Data Analyst
NczAW,Vicki,O'Cullen,vocullene6@sfgate.com,Agender,51,241.16.86.5,France,Software Engineer
FUIwe,Herbert,Berthot,hberthote7@people.com.cn,Genderqueer,27,20.123.32.62,Ireland,Web Developer
THcUt,Rickert,Bartolomeoni,rbartolomeonie8@tuttocitta.it,Polygender,32,46.161.28.16,France,Web Developer
45qHa,Darbie,Tire,dtiree9@simplemachines.org,Non-binary,28,202.38.13.98,France,Administrative Officer
tYncQ,Jeanne,MacAughtrie,jmacaughtrieea@nifty.com,Male,27,130.129.29.210,France,Support Technician
vzkeg,Elaina,Sherebrook,esherebrookeb@sohu.com,Male,60,244.205.222.48,France,Administrative Officer
egjv1,Noble,Genever,ngeneverec@is.gd,Non-binary,45,177.35.166.176,Ireland,Software Engineer
Pj7S3,Gabriel,Belvard,gbelvarded@yellowbook.com,Non-binary,54,31.26.167.120,France,Web Developer
uei0g,Ryan,Raffels,rraffelsee@disqus.com,Male,39,76.6.43.167,France,Administrative Officer
FX7G1,Dunn,Hopfner,dhopfneref@nytimes.com,Agender,23,105.102.29.159,France,Support Technician
uExtD,Suzanna,Colwell,scolwelleg@bloglines.com,Genderqueer,56,90.108.97.142,France,Data Analyst
CigCY,Connie,Stoke,cstokeeh@usnews.com,Genderfluid,57,237.210.201.161,Australia,Web Developer
bUvoP,Nolan,Jellard,njellardei@mail.ru,Polygender,25,19.114.148.131,Ireland,Data Analyst
WJtg0,Berny,Crehan,bcrehanej@opensource.org,Genderfluid,42,176.185.195.20,Australia,Administrative Officer
7yR2S,Antonia,MacCoughen,amaccoughenek@hostgator.com,Non-binary,43,24.7.109.130,Ireland,Software Engineer
bCXii,Alano,Perrottet,aperrottetel@japanpost.jp,Male,55,230.76.140.194,France,Web Developer
XbqAA,Eulalie,Lujan,elujanem@samsung.com,Non-binary,32,181.146.42.128,Ireland,Data Analyst
1xOOl,Gawen,Shelton,gsheltonen@hubpages.com,Female,37,200.206.160.242,Ireland,Data Analyst
KhNRd,Nollie,Dahl,ndahleo@mayoclinic.com,Polygender,38,176.33.179.114,France,Data Analyst
wwF8O,Amargo,Cutill,acutillep@wikipedia.org,Male,32,60.250.61.93,Ireland,Web Developer
k67a7,Dorrie,Quincey,dquinceyeq@bloglines.com,Male,51,51.155.140.24,Australia,Administrative Officer
wVfCK,Suzette,Ovise,soviseer@hc360.com,Polygender,33,224.204.114.157,France,Web Developer
G880J,Pavel,Smissen,psmissenes@businessweek.com,Female,52,122.67.94.70,Ireland,Web Developer
0RC2V,Phoebe,Simka,psimkaet@cbc.ca,Agender,57,110.22.188.45,France,Web Developer
xm5Gx,Ellynn,Mauser,emausereu@shop-pro.jp,Female,46,159.206.73.109,Ireland,Administrative Officer
7ast0,Felice,Sauvan,fsauvanev@baidu.com,Female,41,215.136.54.108,Ireland,Administrative Officer
6Be9d,Saxon,Jiggens,sjiggensew@latimes.com,Female,22,72.43.28.143,France,Software Engineer
mJSx5,Shepard,Partkya,spartkyaex@tumblr.com,Genderqueer,28,97.152.10.145,France,Administrative Officer
6GHeR,Tad,McReynold,tmcreynoldey@homestead.com,Non-binary,50,143.18.111.34,Australia,Software Engineer
WBNBx,Mei,Lukins,mlukinsez@tamu.edu,Female,52,52.53.113.15,Ireland,Support Technician
Xw9UH,Eolande,Matovic,ematovicf0@opera.com,Agender,31,60.123.182.143,France,Data Analyst
HDUKs,Maris,Haffard,mhaffardf1@spiegel.de,Polygender,48,79.44.24.92,Australia,Administrative Officer
eD05g,Petronia,Fairlam,pfairlamf2@linkedin.com,Male,49,156.97.59.76,Ireland,Software Engineer
RdVMp,Charlotta,Bravey,cbraveyf3@cbsnews.com,Genderfluid,27,51.247.188.228,Australia,Software Engineer
FCG9D,Byron,Gozzett,bgozzettf4@hao123.com,Female,54,154.194.49.134,Australia,Support Technician
1WSNw,Melisa,McTerlagh,mmcterlaghf5@newyorker.com,Agender,53,16.189.131.217,Ireland,Web Developer
TVbzK,Feodora,Hindmoor,fhindmoorf6@cyberchimps.com,Genderfluid,48,13.133.197.20,Ireland,Support Technician
rzBvl,Phelia,Behnen,pbehnenf7@fda.gov,Bigender,29,142.146.78.73,Ireland,Web Developer
WMiXD,Marlon,Espinosa,mespinosaf8@eepurl.com,Agender,47,187.207.116.59,France,Web Developer
AR6BM,Rube,Sinderland,rsinderlandf9@edublogs.org,Female,29,93.153.143.124,France,Software Engineer
96qyz,Perle,Dubber,pdubberfa@cmu.edu,Genderfluid,22,116.40.174.174,Ireland,Support Technician
bo9AH,Ronny,Padgett,rpadgettfb@hatena.ne.jp,Female,55,37.158.107.84,France,Data Analyst
lu1nV,Michaeline,Ibanez,mibanezfc@furl.net,Male,57,36.137.192.200,Australia,Web Developer
exGoO,Astra,Sparshatt,asparshattfd@seattletimes.com,Bigender,30,128.214.157.111,Australia,Web Developer
3gtaZ,Shelby,Pasby,spasbyfe@nps.gov,Female,43,251.133.23.8,Australia,Web Developer
LjHWR,Patrice,Hastewell,phastewellff@about.me,Agender,50,230.148.138.60,Ireland,Administrative Officer
Cv1mk,Frazer,Flory,ffloryfg@blogger.com,Genderqueer,55,57.77.173.25,France,Data Analyst
9WDGa,Ed,Breazeall,ebreazeallfh@epa.gov,Female,31,129.181.85.241,Ireland,Web Developer
1nu5p,Dorita,Frediani,dfredianifi@si.edu,Genderfluid,32,36.168.128.1,Ireland,Administrative Officer
DxJe8,Maryellen,Bolles,mbollesfj@springer.com,Non-binary,56,91.72.102.195,Australia,Data Analyst
oij9s,Kirby,Thomesson,kthomessonfk@blogs.com,Genderfluid,20,115.233.154.16,France,Software Engineer
TwkIb,Corrie,Grahlman,cgrahlmanfl@who.int,Female,52,206.130.239.44,Australia,Administrative Officer
nw8L6,Lewie,Okenden,lokendenfm@ycombinator.com,Agender,29,85.136.57.95,Ireland,Support Technician
n6M18,Beverlee,Hudless,bhudlessfn@timesonline.co.uk,Genderfluid,31,93.195.179.69,Australia,Software Engineer
ksf8i,Sheba,Haworth,shaworthfo@mlb.com,Non-binary,34,241.202.86.147,Ireland,Software Engineer
HwvxO,Judie,Polycote,jpolycotefp@va.gov,Female,37,103.243.123.193,France,Data Analyst
tr2q9,Raimund,Pearch,rpearchfq@comcast.net,Bigender,59,10.194.174.214,Ireland,Software Engineer
9FmDW,Emmie,Gell,egellfr@house.gov,Genderqueer,29,155.10.108.237,Australia,Administrative Officer
ZhViO,Charlotte,Banbrick,cbanbrickfs@mail.ru,Female,24,233.155.194.7,France,Data Analyst
EHKdG,Carie,Pimlock,cpimlockft@narod.ru,Polygender,57,94.174.191.235,Ireland,Administrative Officer
GLset,Rafa,Eickhoff,reickhofffu@statcounter.com,Agender,20,38.33.220.45,Ireland,Administrative Officer
OpcKD,Tedd,Benech,tbenechfv@uiuc.edu,Agender,56,178.246.148.169,Australia,Administrative Officer
XhnMb,Gene,McMullen,gmcmullenfw@google.ru,Male,23,220.41.106.141,France,Administrative Officer
Y6vzt,Agata,Darridon,adarridonfx@multiply.com,Non-binary,58,110.37.247.168,Ireland,Administrative Officer
9uCSH,Cymbre,Sothcott,csothcottfy@cam.ac.uk,Bigender,39,146.201.80.199,Australia,Web Developer
Ft5dv,Kalie,Lascell,klascellfz@un.org,Genderfluid,37,252.226.34.147,Ireland,Software Engineer
9qopi,Gerrie,Thorbon,gthorbong0@skype.com,Non-binary,46,72.187.186.99,France,Administrative Officer
pb3MW,Derwin,Weadick,dweadickg1@europa.eu,Polygender,23,224.21.78.103,Australia,Software Engineer
t0bP3,Broderick,Bantock,bbantockg2@craigslist.org,Polygender,49,62.227.129.160,France,Administrative Officer
lNWTA,Lucille,Baxstair,lbaxstairg3@blinklist.com,Bigender,50,146.4.186.93,Ireland,Data Analyst
CgGIM,Rora,Paddock,rpaddockg4@umich.edu,Agender,38,185.227.23.22,Australia,Software Engineer
j2d6x,Corella,Elmhurst,celmhurstg5@dailymotion.com,Genderqueer,29,116.4.238.54,Australia,Data Analyst
qWQup,Nobie,Indruch,nindruchg6@xinhuanet.com,Male,23,161.197.198.151,France,Data Analyst
HbswE,Harcourt,Bassom,hbassomg7@soundcloud.com,Polygender,57,37.138.71.238,France,Data Analyst
aZGGA,Margret,Ayce,mayceg8@qq.com,Genderfluid,43,201.168.131.165,Australia,Administrative Officer
yGIAY,Bernadine,Cullip,bcullipg9@webs.com,Male,35,81.129.150.205,Australia,Administrative Officer
8Y7Hf,Lilith,Bulleyn,lbulleynga@pagesperso-orange.fr,Female,57,239.254.110.100,Australia,Data Analyst
YZdQh,Cris,Chilver,cchilvergb@youku.com,Polygender,26,17.148.200.23,Ireland,Data Analyst
S7zYi,Rubia,Theriot,rtheriotgc@reverbnation.com,Bigender,48,4.144.30.136,France,Support Technician
Q1QnS,Pammi,Blackston,pblackstongd@meetup.com,Genderqueer,26,209.153.40.224,Australia,Administrative Officer
CWtXv,Darrel,MacCallion,dmaccallionge@parallels.com,Polygender,33,57.171.0.4,Australia,Software Engineer
oXL19,Simona,Eldredge,seldredgegf@cbslocal.com,Genderqueer,49,116.134.246.82,Ireland,Support Technician
50Asd,Eunice,Feldhammer,efeldhammergg@drupal.org,Male,28,69.69.132.228,Australia,Support Technician
3h93q,Pearce,Djordjevic,pdjordjevicgh@behance.net,Female,39,3.200.85.67,France,Software Engineer
lBjLy,Vonny,Jeaves,vjeavesgi@shutterfly.com,Non-binary,38,150.78.148.51,France,Data Analyst
LfxCE,Madeleine,Touhig,mtouhiggj@ihg.com,Male,41,36.101.72.8,Australia,Web Developer
iiKfF,Gabbey,Baird,gbairdgk@seattletimes.com,Bigender,48,229.129.58.186,Ireland,Administrative Officer
uODhP,Ernaline,Inglish,einglishgl@opensource.org,Polygender,38,10.207.249.178,Ireland,Administrative Officer
wQ5rv,Ileana,Urling,iurlinggm@pbs.org,Male,59,79.215.56.98,Ireland,Support Technician
NfbgJ,Alden,Cudbird,acudbirdgn@mlb.com,Polygender,60,18.58.238.67,Australia,Web Developer
DePDP,Reggis,Flucks,rflucksgo@ezinearticles.com,Bigender,25,76.249.1.19,France,Software Engineer
CFOfT,Natividad,Pietranek,npietranekgp@pbs.org,Agender,40,252.168.191.45,France,Administrative Officer
0B55q,Alfons,Blindt,ablindtgq@usatoday.com,Genderqueer,60,5.192.251.168,France,Data Analyst
G5civ,Conway,Nozzolinii,cnozzoliniigr@about.me,Polygender,25,39.110.62.72,Australia,Support Technician
tNad5,Margit,Guinness,mguinnessgs@ask.com,Polygender,33,162.83.149.215,Ireland,Support Technician
QZVw1,Keely,Down,kdowngt@topsy.com,Non-binary,29,152.76.85.11,France,Data Analyst
uDzeD,Sofia,Huff,shuffgu@zimbio.com,Male,40,167.223.15.171,France,Software Engineer
jfNNb,Darb,Cahn,dcahngv@people.com.cn,Non-binary,57,140.115.255.219,France,Data Analyst
1aRBK,Arvy,Tomaskov,atomaskovgw@answers.com,Male,25,129.65.161.55,France,Support Technician
4ysYY,Celia,Phythean,cphytheangx@home.pl,Non-binary,27,110.204.109.151,France,Support Technician
jlm8A,Thaddus,Brouwer,tbrouwergy@epa.gov,Non-binary,31,90.27.26.164,Ireland,Software Engineer
rDuq3,Teddie,Worland,tworlandgz@intel.com,Male,53,141.220.147.173,Ireland,Software Engineer
Z6ytR,Taddeo,Dingley,tdingleyh0@globo.com,Female,52,80.131.32.154,France,Administrative Officer
2sRfa,Urbano,Kempshall,ukempshallh1@php.net,Male,32,222.4.220.253,Australia,Support Technician
HgaQg,Julina,Pache,jpacheh2@ning.com,Polygender,60,226.147.254.77,Ireland,Administrative Officer
ESlcW,Ricca,Kisbee,rkisbeeh3@etsy.com,Female,36,142.50.222.219,France,Support Technician
hVJmQ,Herminia,Matuska,hmatuskah4@tinypic.com,Bigender,35,60.135.163.154,France,Support Technician
cmlHt,Uriah,Championnet,uchampionneth5@wordpress.com,Polygender,57,61.19.30.254,Australia,Support Technician
mP8Fm,Catlaina,Bemand,cbemandh6@va.gov,Genderqueer,44,152.202.99.240,Australia,Software Engineer
0ZkLy,Aleen,MacGown,amacgownh7@independent.co.uk,Female,47,69.16.166.236,Australia,Software Engineer
A3ZlV,Elvera,Elion,eelionh8@domainmarket.com,Polygender,28,101.35.214.124,France,Software Engineer
D269V,Tam,Olivari,tolivarih9@jugem.jp,Female,38,50.1.69.23,Ireland,Software Engineer
SkV8x,Ginny,Edmonson,gedmonsonha@amazonaws.com,Non-binary,41,75.253.174.16,Australia,Support Technician
m1Sf8,Lorinda,Durbridge,ldurbridgehb@stanford.edu,Bigender,20,230.7.144.132,Australia,Support Technician
utAVa,Rochette,Sommerscales,rsommerscaleshc@dropbox.com,Genderfluid,36,185.34.0.76,Ireland,Data Analyst
oTlfW,Libbi,Spyer,lspyerhd@over-blog.com,Bigender,48,3.172.155.3,Ireland,Data Analyst
gHZiv,Joceline,Mattityahou,jmattityahouhe@tumblr.com,Male,34,235.191.63.145,Australia,Support Technician
8pYnU,Hanan,Gammons,hgammonshf@hatena.ne.jp,Genderfluid,22,140.18.233.47,Ireland,Data Analyst
IeP69,Luce,Heintsch,lheintschhg@unicef.org,Genderqueer,34,179.52.131.234,Ireland,Administrative Officer
aGF2C,Mariel,Valentim,mvalentimhh@cdc.gov,Female,49,94.51.158.252,Australia,Support Technician
8k3QH,Ernest,Gilmore,egilmorehi@theguardian.com,Polygender,56,165.77.196.115,Ireland,Software Engineer
ngKdM,Rona,Pettingill,rpettingillhj@de.vu,Female,43,103.103.187.164,Ireland,Web Developer
cE1mG,Maribeth,Matusovsky,mmatusovskyhk@typepad.com,Agender,58,9.163.136.45,France,Data Analyst
XKpJY,Harriot,Artus,hartushl@feedburner.com,Genderqueer,49,208.35.220.232,France,Web Developer
NB4xH,Denys,Ruffli,drufflihm@symantec.com,Male,34,172.185.239.23,Australia,Software Engineer
4RS7F,Beverie,Wrigley,bwrigleyhn@gizmodo.com,Genderqueer,36,142.43.245.216,Ireland,Web Developer
fubzs,Kori,Pindar,kpindarho@yelp.com,Male,43,200.243.226.87,France,Software Engineer
dlwyD,Pavla,Handlin,phandlinhp@nationalgeographic.com,Polygender,50,30.16.133.119,France,Support Technician
zoiM0,Mickey,Warricker,mwarrickerhq@yale.edu,Polygender,31,69.187.5.133,France,Administrative Officer
NXVKH,Augustin,Aimeric,aaimerichr@cmu.edu,Male,56,199.202.226.99,Australia,Software Engineer
xJ6P1,Durward,Arnhold,darnholdhs@youku.com,Polygender,48,37.160.176.226,France,Software Engineer
XY0ko,Devinne,Halpeine,dhalpeineht@loc.gov,Polygender,32,131.42.47.190,Ireland,Data Analyst
WcrU5,Homere,O'Nion,honionhu@slate.com,Non-binary,29,230.195.149.228,France,Software Engineer
wY3TI,Saw,Pennrington,spennringtonhv@washington.edu,Agender,55,49.42.234.16,Ireland,Administrative Officer
pABgq,Marty,Syddie,msyddiehw@newsvine.com,Bigender,35,64.29.141.9,Ireland,Web Developer
dm9dK,Bernadine,Marzella,bmarzellahx@fda.gov,Genderfluid,31,246.139.49.165,France,Web Developer
A4qSv,Sofia,Simoncello,ssimoncellohy@skype.com,Genderqueer,52,101.243.194.103,France,Support Technician
QpQgQ,Ed,McInally,emcinallyhz@ycombinator.com,Genderqueer,29,37.161.188.110,Australia,Web Developer
I1ZjX,Cameron,Dumbleton,cdumbletoni0@hp.com,Agender,47,23.249.128.3,Australia,Software Engineer
Ehj3d,Yvette,Pashler,ypashleri1@weibo.com,Polygender,26,131.21.109.30,France,Administrative Officer
hFAt7,Winfred,Treadgear,wtreadgeari2@spiegel.de,Agender,22,229.87.13.139,France,Software Engineer
hWto7,Ambrosio,Spurritt,aspurritti3@mediafire.com,Bigender,30,115.118.232.64,France,Administrative Officer
nCILx,Amii,Skrzynski,askrzynskii4@amazon.com,Genderfluid,56,41.150.45.38,France,Administrative Officer
OuTku,Jayne,Swansbury,jswansburyi5@sohu.com,Genderqueer,55,99.90.32.5,France,Software Engineer
rbcZH,Pall,MacCurley,pmaccurleyi6@bravesites.com,Genderfluid,56,129.71.121.241,France,Web Developer
T0Aye,Eleonore,Siward,esiwardi7@com.com,Male,47,184.186.41.115,Australia,Data Analyst
yZNjp,Stanly,Rowland,srowlandi8@google.co.uk,Polygender,56,184.213.94.121,Australia,Data Analyst
VPnUC,Rafael,Entwisle,rentwislei9@mtv.com,Agender,47,25.55.147.248,France,Support Technician
sjkKM,Min,Milington,mmilingtonia@php.net,Genderfluid,41,61.85.60.245,Australia,Web Developer
NlLmH,Clari,Ride,crideib@fema.gov,Non-binary,42,218.216.7.70,France,Software Engineer
3DuVm,Akim,Joriot,ajoriotic@linkedin.com,Bigender,53,158.60.228.29,Australia,Data Analyst
VAAwO,Antony,Nutkin,anutkinid@1688.com,Non-binary,28,75.176.57.186,Ireland,Web Developer
kjwgv,Bambie,Colebrook,bcolebrookie@pen.io,Non-binary,49,234.237.220.173,Ireland,Support Technician
sXgUG,Mariette,Fosberry,mfosberryif@mlb.com,Polygender,25,174.47.156.145,France,Web Developer
4FdNo,Claude,Mawditt,cmawdittig@stanford.edu,Non-binary,46,241.85.169.225,France,Software Engineer
ZCQUG,Craggy,Gonoude,cgonoudeih@youku.com,Genderqueer,32,155.27.129.162,Australia,Support Technician
QToMZ,Renae,McCafferty,rmccaffertyii@va.gov,Polygender,41,121.78.44.172,France,Administrative Officer
AYhWw,Vernor,Scrivenor,vscrivenorij@msn.com,Polygender,43,186.141.111.108,Australia,Administrative Officer
qfwUt,Warner,Bromell,wbromellik@vk.com,Genderqueer,46,175.154.70.126,Ireland,Software Engineer
VZU62,Dallas,Fahy,dfahyil@prnewswire.com,Polygender,37,151.170.53.78,France,Administrative Officer
g9U0T,Blinnie,Buscher,bbuscherim@i2i.jp,Agender,50,229.148.51.127,Ireland,Data Analyst
QzlWZ,Nicolas,Barkhouse,nbarkhousein@oracle.com,Male,38,184.253.255.141,Ireland,Software Engineer
3QsPz,Ravid,Flea,rfleaio@umich.edu,Female,45,167.236.40.242,France,Administrative Officer
EA9l5,Miguel,Syddie,msyddieip@reddit.com,Male,51,235.251.255.106,Australia,Web Developer
Zcw2e,Odelinda,Tackes,otackesiq@shareasale.com,Non-binary,25,160.80.163.40,Australia,Software Engineer
G1xg4,Thane,Clac,tclacir@hugedomains.com,Genderqueer,36,221.101.226.29,France,Data Analyst
id0X9,Sanderson,Gable,sgableis@chicagotribune.com,Genderfluid,60,63.49.196.97,France,Administrative Officer
C9stg,Isabella,Kenwrick,ikenwrickit@simplemachines.org,Non-binary,38,27.236.218.62,France,Administrative Officer
65aRS,Raquela,Elwel,relweliu@rambler.ru,Male,44,187.131.16.157,Ireland,Web Developer
rfRGp,Ethelda,Placide,eplacideiv@independent.co.uk,Polygender,46,7.153.14.3,Australia,Web Developer
5ToyG,Saxon,Speenden,sspeendeniw@acquirethisname.com,Genderfluid,34,134.219.14.135,Ireland,Web Developer
tHkbl,Carmelle,Ganny,cgannyix@51.la,Genderqueer,42,55.229.145.172,Australia,Web Developer
LeSz2,Davidde,Tole,dtoleiy@ehow.com,Genderfluid,56,183.16.203.73,Australia,Data Analyst
cH0zV,Mable,Finlayson,mfinlaysoniz@goo.ne.jp,Female,43,178.206.0.121,Ireland,Data Analyst
rwWRH,Sharla,Jerzykiewicz,sjerzykiewiczj0@delicious.com,Polygender,56,191.249.70.211,Ireland,Administrative Officer
Z2b8N,Hyacinthie,Durker,hdurkerj1@blogspot.com,Agender,53,167.159.52.110,France,Software Engineer
czBji,Micah,Beveridge,mbeveridgej2@si.edu,Genderqueer,27,24.53.45.240,Ireland,Support Technician
YFgWZ,Geordie,Grzegorecki,ggrzegoreckij3@newyorker.com,Polygender,34,146.217.186.97,France,Administrative Officer
Z01ZM,Buffy,Halpen,bhalpenj4@eventbrite.com,Bigender,38,101.225.36.162,Australia,Web Developer
LG5RP,Gilbertina,Pockey,gpockeyj5@time.com,Genderqueer,21,110.60.82.93,Australia,Support Technician
G8gd6,Ealasaid,Kohneke,ekohnekej6@themeforest.net,Female,35,62.58.214.150,Ireland,Support Technician
Wn4eF,Heidie,Filipov,hfilipovj7@marketwatch.com,Bigender,52,114.105.150.65,Ireland,Web Developer
JDWjN,Eddy,Harrington,eharringtonj8@washingtonpost.com,Bigender,47,4.243.162.97,Australia,Support Technician
ferc1,Ravid,Tiddeman,rtiddemanj9@shop-pro.jp,Agender,27,22.182.88.67,Australia,Administrative Officer
aSNhQ,Uri,Krauze,ukrauzeja@multiply.com,Bigender,53,224.217.122.193,France,Software Engineer
7pYE4,Karoly,Girardengo,kgirardengojb@infoseek.co.jp,Genderfluid,30,107.101.215.100,Ireland,Data Analyst
d55PG,Dana,Mosen,dmosenjc@examiner.com,Genderfluid,39,141.252.99.32,France,Software Engineer
fuEfZ,Charmian,Du Hamel,cduhameljd@sina.com.cn,Male,55,24.100.82.165,Australia,Data Analyst
Lhy8J,Jacquie,Lapping,jlappingje@paypal.com,Genderqueer,24,57.125.241.204,Ireland,Software Engineer
lHFD3,Dani,Brinsford,dbrinsfordjf@gravatar.com,Male,31,248.183.221.110,France,Data Analyst
SKgk8,Davie,Henrique,dhenriquejg@naver.com,Genderfluid,56,141.123.241.214,Australia,Data Analyst
c4h9T,Marjy,Fathers,mfathersjh@free.fr,Female,43,104.238.17.19,Australia,Data Analyst
tr9r0,Kennedy,Rewbottom,krewbottomji@hostgator.com,Genderfluid,25,33.3.42.190,France,Support Technician
xySg0,Collie,Bartrum,cbartrumjj@a8.net,Male,43,67.227.225.69,France,Data Analyst
FQsIz,Beilul,Ivanusyev,bivanusyevjk@e-recht24.de,Bigender,50,16.46.81.210,Ireland,Software Engineer
NTtbW,Genna,Heindl,gheindljl@php.net,Agender,29,78.91.32.24,France,Support Technician
TfIGx,Gan,Kitter,gkitterjm@bing.com,Male,60,207.106.73.49,Ireland,Web Developer
Vm07m,Heriberto,McClary,hmcclaryjn@whitehouse.gov,Female,36,171.148.163.188,Ireland,Software Engineer
zb6vA,Candy,Coade,ccoadejo@mozilla.org,Polygender,52,173.253.95.77,Ireland,Support Technician
LVBBt,Hoyt,Mapston,hmapstonjp@quantcast.com,Polygender,46,1.240.187.206,Ireland,Administrative Officer
wLKyt,Clay,Fanning,cfanningjq@google.es,Female,49,180.32.111.155,Australia,Administrative Officer
8eXdd,Noelani,Loghan,nloghanjr@oaic.gov.au,Male,47,26.255.241.26,France,Administrative Officer
RnfJq,Joey,Shevill,jshevilljs@jugem.jp,Polygender,29,165.250.56.195,France,Software Engineer
cjVem,Corbie,Tapner,ctapnerjt@ning.com,Male,35,100.184.233.108,Ireland,Data Analyst
O1kD8,Tito,Oret,toretju@webs.com,Polygender,41,210.163.161.104,France,Data Analyst
rh4w4,Hill,Murkitt,hmurkittjv@house.gov,Agender,46,17.184.101.8,France,Web Developer
p4C9u,Kingston,Yaus,kyausjw@about.com,Bigender,42,68.220.118.98,Ireland,Web Developer
GSx8j,Loren,Dyball,ldyballjx@scientificamerican.com,Male,22,162.246.196.182,Australia,Web Developer
2AzM5,Fiorenze,Burbidge,fburbidgejy@diigo.com,Female,31,173.71.139.39,Australia,Administrative Officer
ovKht,Abrahan,O'Deoran,aodeoranjz@addtoany.com,Agender,57,164.242.254.165,Ireland,Data Analyst
R5J8y,Cozmo,Connue,cconnuek0@unicef.org,Agender,26,58.167.97.76,Ireland,Support Technician
3rW3G,Otis,Banghe,obanghek1@ted.com,Agender,26,203.114.30.243,France,Administrative Officer
4JeYX,Ebony,Darlaston,edarlastonk2@hc360.com,Male,25,120.231.2.58,Australia,Data Analyst
dF1cG,Tye,Sayburn,tsayburnk3@earthlink.net,Bigender,57,46.168.160.145,Australia,Administrative Officer
3xdrN,Lusa,Lenham,llenhamk4@sun.com,Genderfluid,58,69.247.33.150,Ireland,Data Analyst
UegMF,Godfry,Cropton,gcroptonk5@alibaba.com,Male,46,78.254.72.215,Ireland,Web Developer
RsbeY,Arlan,McCritchie,amccritchiek6@sciencedaily.com,Male,36,7.84.10.140,Ireland,Software Engineer
Sf1Z0,Jacquenette,Peek,jpeekk7@goo.gl,Genderfluid,57,19.238.94.43,Ireland,Software Engineer
We8XP,Ceil,Ruoss,cruossk8@cpanel.net,Genderqueer,37,50.68.72.42,Australia,Support Technician
zqG67,Dulce,McKyrrelly,dmckyrrellyk9@wordpress.com,Genderfluid,50,34.247.23.119,France,Support Technician
Or5Q7,Granthem,Jachimak,gjachimakka@g.co,Polygender,52,247.31.185.153,France,Software Engineer
33IA3,Dyann,Davitt,ddavittkb@zimbio.com,Genderfluid,35,169.170.239.43,Ireland,Web Developer
P0job,Marlowe,Doddemeade,mdoddemeadekc@cmu.edu,Female,25,51.235.95.83,Australia,Software Engineer
wouTe,Cobby,Diloway,cdilowaykd@fc2.com,Polygender,49,243.5.201.131,France,Web Developer
XlQIP,Patti,Cereceres,pcerecereske@redcross.org,Non-binary,37,248.136.68.107,Ireland,Support Technician
SyGIW,Lawrence,Blaschek,lblaschekkf@twitpic.com,Polygender,49,204.99.12.146,Ireland,Support Technician
rBewk,Rayshell,Branni,rbrannikg@youtube.com,Polygender,27,139.168.99.173,France,Software Engineer
8qgVG,Doll,Satterthwaite,dsatterthwaitekh@netvibes.com,Polygender,58,25.241.252.128,Ireland,Software Engineer
hnJtF,Morgana,Witz,mwitzki@kickstarter.com,Polygender,36,172.236.195.13,France,Software Engineer
3cajH,Mirabelle,Towers,mtowerskj@theguardian.com,Non-binary,55,56.192.169.98,Ireland,Support Technician
9x32f,Stepha,Corker,scorkerkk@miitbeian.gov.cn,Non-binary,49,30.27.106.213,Ireland,Support Technician
diQJb,Flossie,Mealiffe,fmealiffekl@desdev.cn,Non-binary,54,219.255.35.23,Australia,Software Engineer
7NK7Z,Dal,Lyptrit,dlyptritkm@hubpages.com,Female,55,106.15.255.19,Ireland,Support Technician
I6C8e,Persis,Cerie,pceriekn@ameblo.jp,Male,22,48.58.27.163,Ireland,Administrative Officer
7vEhh,Jorie,Sekulla,jsekullako@hostgator.com,Non-binary,52,137.238.67.79,Ireland,Administrative Officer
FReO3,Glyn,Mee,gmeekp@mysql.com,Genderfluid,28,243.114.103.164,Ireland,Data Analyst
iABdQ,Stormie,Earry,searrykq@auda.org.au,Polygender,53,161.242.153.82,Australia,Data Analyst
KLukU,Fanchon,Caudwell,fcaudwellkr@parallels.com,Agender,36,232.96.8.218,Australia,Web Developer
1fcRf,Gwyn,MacMeekan,gmacmeekanks@yahoo.com,Polygender,54,53.220.180.238,Ireland,Support Technician
QC5Ki,Ibby,Essex,iessexkt@printfriendly.com,Genderqueer,39,76.246.241.113,Ireland,Data Analyst
RCesZ,Beniamino,Bennetto,bbennettoku@wordpress.com,Bigender,58,126.156.164.57,Australia,Administrative Officer
6zXNc,Katina,Depper,kdepperkv@yellowbook.com,Genderfluid,25,39.27.235.254,Ireland,Support Technician
jnh7t,Konstance,Bonellie,kbonelliekw@utexas.edu,Agender,53,59.85.175.3,Ireland,Administrative Officer
x0Wcu,Pearce,Shrieves,pshrieveskx@joomla.org,Genderfluid,49,21.195.121.80,Australia,Web Developer
Y5Lmt,Jere,Hancill,jhancillky@ovh.net,Female,29,98.161.70.204,France,Web Developer
cP5sY,Verene,McGooch,vmcgoochkz@wix.com,Genderqueer,49,100.116.60.132,France,Support Technician
7ezyi,Seymour,Sarah,ssarahl0@ning.com,Bigender,36,224.176.178.189,Ireland,Administrative Officer
Z6dzw,Bunnie,Candwell,bcandwelll1@cargocollective.com,Agender,49,22.254.117.130,France,Administrative Officer
p5byg,Meryl,Lerer,mlererl2@weather.com,Female,52,102.83.22.198,Ireland,Web Developer
835Fs,Jessie,Meco,jmecol3@amazon.de,Male,27,95.82.214.241,Australia,Software Engineer
7nEMR,Salomone,Lassetter,slassetterl4@pagesperso-orange.fr,Genderqueer,56,6.69.120.157,France,Software Engineer
BK4nK,Hilarius,Sterley,hsterleyl5@nationalgeographic.com,Bigender,49,255.134.123.254,Ireland,Data Analyst
9cPH9,Pet,Whyard,pwhyardl6@webs.com,Non-binary,22,144.52.42.88,Australia,Support Technician
D1NCY,Nefen,De Antoni,ndeantonil7@springer.com,Polygender,20,132.68.72.94,Ireland,Software Engineer
UOZcf,Leilah,Elflain,lelflainl8@discuz.net,Male,53,75.97.182.124,Ireland,Data Analyst
1iyh8,Charil,Murrigans,cmurrigansl9@opensource.org,Polygender,52,90.80.223.82,Ireland,Software Engineer
WYh0v,Meaghan,Hubbucke,mhubbuckela@loc.gov,Genderfluid,56,188.252.46.35,Ireland,Web Developer
BdD5p,Gib,Beardall,gbeardalllb@jigsy.com,Genderqueer,42,6.21.52.6,France,Software Engineer
i444y,Olivia,Kettlestring,okettlestringlc@sogou.com,Genderqueer,60,93.255.95.254,Ireland,Software Engineer
fdCni,Erich,Dornan,edornanld@boston.com,Female,40,166.138.4.28,Ireland,Support Technician
nZC9K,Grissel,Amys,gamysle@cocolog-nifty.com,Male,46,201.235.43.22,Ireland,Data Analyst
eYSoj,Caitlin,Fulle,cfullelf@shutterfly.com,Non-binary,22,62.86.235.74,Australia,Administrative Officer
iDGfB,Rafaellle,Poleye,rpoleyelg@google.com,Non-binary,59,191.145.92.143,Australia,Software Engineer
yhanj,Starla,Ruggier,sruggierlh@histats.com,Male,40,27.227.5.247,France,Support Technician
TeCN8,Dominick,Aisbett,daisbettli@mit.edu,Genderqueer,35,160.168.234.33,France,Web Developer
VZN2x,Eleen,Scrimgeour,escrimgeourlj@msn.com,Agender,31,224.99.129.64,Australia,Data Analyst
WjlXG,Adriana,Gergely,agergelylk@yale.edu,Genderqueer,29,40.74.88.202,France,Data Analyst
VL8kn,Reg,Abramino,rabraminoll@ed.gov,Non-binary,38,140.192.92.114,Ireland,Software Engineer
1jvmu,Ema,Haisell,ehaiselllm@360.cn,Polygender,60,119.186.82.67,France,Web Developer
Uxtlw,Maggie,Fosserd,mfosserdln@phoca.cz,Female,27,149.205.133.241,Australia,Support Technician
q5Cbz,Callean,Benzies,cbenzieslo@prlog.org,Agender,57,22.134.55.24,France,Data Analyst
lXPmg,Bessy,Churchlow,bchurchlowlp@symantec.com,Polygender,24,6.90.85.209,France,Data Analyst
eduvr,Meggie,Glasscoe,mglasscoelq@reference.com,Polygender,38,50.134.150.18,Australia,Software Engineer
sC4g3,Merrie,Crackel,mcrackellr@skype.com,Female,51,185.175.61.26,Australia,Data Analyst
KOLI8,Welch,Kiffin,wkiffinls@cornell.edu,Genderqueer,30,146.251.54.98,Australia,Administrative Officer
ktHbp,Tucky,Addington,taddingtonlt@infoseek.co.jp,Bigender,42,61.135.32.85,Ireland,Data Analyst
oFwLc,Ophelia,Philo,ophilolu@bbb.org,Non-binary,21,70.95.232.181,Australia,Web Developer
23yo2,Dedie,Rowet,drowetlv@oracle.com,Bigender,35,95.245.46.186,Ireland,Software Engineer
I5XVT,Anny,Parlot,aparlotlw@delicious.com,Genderfluid,46,214.126.79.235,Australia,Data Analyst
jTpry,Olivia,Rosenfield,orosenfieldlx@com.com,Non-binary,41,214.31.186.130,Australia,Software Engineer
bBSVt,Sacha,Russilll,srussilllly@naver.com,Polygender,20,233.38.80.169,Ireland,Support Technician
P2Rz6,Tawnya,Boltwood,tboltwoodlz@guardian.co.uk,Female,59,205.110.77.27,Ireland,Software Engineer
WCM7R,Emlyn,Croxton,ecroxtonm0@yellowpages.com,Male,32,200.17.26.69,Ireland,Data Analyst
41M2Q,Fredi,Forgie,fforgiem1@t-online.de,Non-binary,38,63.94.113.112,Australia,Data Analyst
jbwRa,Robenia,Pepin,rpepinm2@un.org,Genderqueer,24,186.45.223.227,France,Software Engineer
IegIa,Licha,Bittlestone,lbittlestonem3@google.com.au,Polygender,49,87.74.87.25,Australia,Support Technician
e7K2L,Daisy,Loadman,dloadmanm4@nyu.edu,Agender,34,169.139.136.84,Ireland,Administrative Officer
gxlAp,Andy,Jakobsson,ajakobssonm5@nbcnews.com,Bigender,21,205.80.204.149,Ireland,Software Engineer
fuptb,Pincus,Connaughton,pconnaughtonm6@timesonline.co.uk,Male,36,13.22.136.194,Ireland,Data Analyst
hr5HY,Cary,Hugnot,chugnotm7@123-reg.co.uk,Non-binary,60,105.247.18.147,France,Web Developer
vb1j8,Winfield,Belleny,wbellenym8@seattletimes.com,Genderfluid,21,152.228.83.3,France,Administrative Officer
qMWmG,Sibeal,Nelligan,snelliganm9@ca.gov,Genderqueer,28,19.18.219.70,France,Data Analyst
ZkHea,Irwinn,Schwand,ischwandma@jigsy.com,Bigender,23,145.134.70.187,Ireland,Web Developer
uPfLi,Teddie,Jills,tjillsmb@fc2.com,Female,59,15.69.136.35,France,Support Technician
8hZJF,Myrwyn,Peploe,mpeploemc@lulu.com,Female,54,88.4.76.37,Australia,Data Analyst
pwBzA,Kristien,Golda,kgoldamd@simplemachines.org,Genderqueer,33,112.55.118.197,France,Data Analyst
Ow6sS,Roseann,Fakeley,rfakeleyme@techcrunch.com,Bigender,45,51.247.83.102,Australia,Software Engineer
2RJOf,Henrietta,Gamet,hgametmf@opensource.org,Agender,44,81.152.11.130,Australia,Web Developer
usmMo,Tiphanie,Thompson,tthompsonmg@netlog.com,Male,26,87.115.42.245,France,Data Analyst
QJSH7,Ermengarde,Hinks,ehinksmh@un.org,Bigender,34,196.162.229.27,Australia,Software Engineer
liahi,Torie,Nevison,tnevisonmi@is.gd,Agender,29,158.172.55.16,France,Web Developer
eQQCX,Sophi,Yeeles,syeelesmj@google.es,Genderqueer,21,196.213.171.213,Ireland,Web Developer
TnMzx,Ingeberg,Round,iroundmk@w3.org,Genderqueer,58,128.126.253.64,France,Administrative Officer
sZdhJ,Joelle,Capelow,jcapelowml@nydailynews.com,Polygender,37,58.78.77.164,France,Web Developer
OXCwJ,Waring,Bengefield,wbengefieldmm@miibeian.gov.cn,Male,31,32.10.42.135,Australia,Web Developer
MdCZY,Anallise,Carnegy,acarnegymn@vk.com,Polygender,27,254.119.230.26,France,Administrative Officer
B6HSX,Xerxes,Kaser,xkasermo@skyrock.com,Agender,27,206.5.150.127,Ireland,Data Analyst
nUJmd,Arliene,Crosskell,acrosskellmp@cafepress.com,Bigender,59,6.101.166.174,France,Data Analyst
IvUCn,Ginevra,Polsin,gpolsinmq@chronoengine.com,Agender,33,87.95.208.146,Australia,Web Developer
xWDFE,Hebert,Thornally,hthornallymr@latimes.com,Polygender,41,156.33.221.165,France,Data Analyst
586zP,Edvard,Djordjevic,edjordjevicms@techcrunch.com,Male,38,53.180.178.37,Ireland,Data Analyst
zHVzz,Connor,Lochead,clocheadmt@last.fm,Genderqueer,36,204.103.86.233,Australia,Web Developer
O0wvV,Kass,Pharro,kpharromu@time.com,Bigender,42,199.191.15.2,Australia,Software Engineer
Yts9T,Deidre,Jakobssen,djakobssenmv@booking.com,Male,60,255.218.134.121,Ireland,Administrative Officer
VjzKd,Elvera,Keene,ekeenemw@plala.or.jp,Female,27,191.117.239.162,France,Data Analyst
aoYdp,Flore,Railton,frailtonmx@marketwatch.com,Female,39,87.229.194.95,Ireland,Data Analyst
htfGJ,Rancell,Storck,rstorckmy@telegraph.co.uk,Bigender,56,188.74.113.236,France,Administrative Officer
3KJ1r,Frederica,Dowden,fdowdenmz@diigo.com,Genderfluid,58,175.15.131.87,Ireland,Web Developer
3WONu,Tracee,Chaimson,tchaimsonn0@de.vu,Bigender,27,35.91.226.172,Ireland,Administrative Officer
gEiNE,Fenelia,Walsh,fwalshn1@free.fr,Polygender,23,46.54.52.225,Ireland,Support Technician
QmNQi,Armstrong,Sausman,asausmann2@shutterfly.com,Non-binary,36,65.213.184.87,France,Administrative Officer
RFdvj,Joelly,Dohrmann,jdohrmannn3@japanpost.jp,Female,53,107.100.100.44,France,Support Technician
ulbWZ,Deena,Wilprecht,dwilprechtn4@360.cn,Polygender,21,97.54.104.120,Australia,Software Engineer
5moDd,Atlanta,Sustins,asustinsn5@jugem.jp,Polygender,27,213.184.133.96,Australia,Administrative Officer
W8fL6,Reuven,Clarkson,rclarksonn6@theguardian.com,Male,38,199.170.100.10,Australia,Administrative Officer
gox68,Debora,Roskams,droskamsn7@slate.com,Genderqueer,38,219.219.134.8,Ireland,Web Developer
aAzoF,Paulie,Thominga,pthomingan8@fda.gov,Female,22,61.242.165.2,France,Data Analyst
Raw0T,Karlik,Yukhnin,kyukhninn9@narod.ru,Male,24,99.42.39.172,Australia,Software Engineer
Cz0JN,Gennifer,Crankshaw,gcrankshawna@moonfruit.com,Genderqueer,35,8.98.234.49,Ireland,Software Engineer
k1BF4,Ivar,Gerrey,igerreynb@google.ca,Male,40,18.168.100.244,Australia,Data Analyst
iUCVn,Therine,Prout,tproutnc@go.com,Female,45,98.189.246.166,France,Software Engineer
3QYrB,Maddie,Hirthe,mhirthend@psu.edu,Polygender,48,118.151.0.235,Ireland,Administrative Officer
EBEpg,Kristin,Dixie,kdixiene@google.cn,Bigender,53,253.191.84.35,France,Administrative Officer
lNwLG,Marijo,Kimmins,mkimminsnf@dailymail.co.uk,Non-binary,47,45.60.11.150,Australia,Software Engineer
lPxoj,Annora,Drews,adrewsng@skyrock.com,Female,37,94.6.187.183,France,Data Analyst
jemJy,Ab,Anton,aantonnh@technorati.com,Polygender,58,108.159.87.56,Australia,Support Technician
G2OP2,Kimball,Helkin,khelkinni@newyorker.com,Male,31,122.134.69.7,Ireland,Web Developer
2CtCh,Cristal,Bingley,cbingleynj@cam.ac.uk,Genderqueer,49,107.109.149.209,Ireland,Administrative Officer
p9UGO,Bartolomeo,Dudenie,bdudenienk@1und1.de,Genderfluid,21,103.206.235.217,France,Support Technician
l7yuL,Birch,Labro,blabronl@yolasite.com,Polygender,26,130.39.217.205,Ireland,Software Engineer
jFwn6,Crissy,Deighan,cdeighannm@123-reg.co.uk,Bigender,50,221.134.88.43,France,Administrative Officer
FDT0B,Winny,Coslitt,wcoslittnn@weather.com,Genderqueer,36,204.28.215.219,Ireland,Web Developer
USX4D,Lonnie,Pirri,lpirrino@infoseek.co.jp,Polygender,30,109.72.234.97,Australia,Support Technician
QOXe1,Terence,O'Scollain,toscollainnp@bluehost.com,Male,40,81.145.177.193,France,Software Engineer
GhUvu,Darrelle,Foad,dfoadnq@blogs.com,Bigender,23,110.79.164.239,France,Software Engineer
fr06m,Andeee,McCumesky,amccumeskynr@technorati.com,Male,47,196.87.178.164,France,Data Analyst
Wn9aJ,Wadsworth,Borkett,wborkettns@fotki.com,Genderqueer,30,255.243.1.81,Ireland,Support Technician
5aNul,Astrid,Keough,akeoughnt@cmu.edu,Female,36,50.204.160.120,France,Support Technician
KWVRL,Diahann,Rouby,droubynu@hexun.com,Bigender,48,168.77.116.31,France,Administrative Officer
CUVdS,Becky,Blacklidge,bblacklidgenv@wsj.com,Polygender,40,116.229.220.105,France,Administrative Officer
7ef17,Leanor,Butterfint,lbutterfintnw@cyberchimps.com,Bigender,44,184.74.209.37,Ireland,Data Analyst
djmu0,Marinna,Zecchini,mzecchininx@delicious.com,Genderfluid,50,36.169.140.138,Australia,Administrative Officer
sCpqO,Harwell,Faircliffe,hfaircliffeny@1und1.de,Genderqueer,58,3.24.188.150,Ireland,Data Analyst
9PdMV,Justis,Le Friec,jlefriecnz@sitemeter.com,Polygender,31,229.200.224.80,Australia,Administrative Officer
aEWpy,Sigismondo,Heavens,sheavenso0@typepad.com,Male,32,201.151.47.102,Australia,Data Analyst
uXi7y,Nathalie,Karlolak,nkarlolako1@gizmodo.com,Bigender,39,158.176.32.205,Australia,Data Analyst
og1Yl,Jolee,Patrone,jpatroneo2@disqus.com,Genderfluid,45,237.255.199.153,Australia,Data Analyst
gR2xN,Kanya,Dombrell,kdombrello3@plala.or.jp,Non-binary,51,105.220.101.154,France,Web Developer
fy9yv,Joela,Pixton,jpixtono4@mlb.com,Female,20,4.186.220.115,Australia,Support Technician
vF6jK,Sela,Franck,sfrancko5@acquirethisname.com,Genderqueer,42,85.152.203.106,France,Web Developer
KKj6A,Ericka,Gaitskill,egaitskillo6@hud.gov,Non-binary,38,97.155.72.158,Ireland,Software Engineer
86LUW,Ericka,Kohler,ekohlero7@nbcnews.com,Female,50,194.236.237.238,Australia,Software Engineer
27wxQ,Jonathon,Krikorian,jkrikoriano8@theglobeandmail.com,Male,54,236.10.77.88,Australia,Software Engineer
gh8zV,Eilis,Clendinning,eclendinningo9@discuz.net,Genderfluid,59,36.239.232.113,Ireland,Software Engineer
kiA2b,Marnia,Murrie,mmurrieoa@blinklist.com,Non-binary,55,70.127.4.168,France,Web Developer
B9mQb,Sallie,Goade,sgoadeob@weebly.com,Agender,60,131.242.190.111,Australia,Support Technician
hE38z,Scott,Cloke,sclokeoc@tiny.cc,Non-binary,58,14.37.61.145,Australia,Support Technician
4VMph,Magdaia,Birchill,mbirchillod@globo.com,Bigender,35,164.31.150.64,Australia,Data Analyst
ao8xr,Vassili,Alyutin,valyutinoe@oracle.com,Genderfluid,35,240.145.252.76,Australia,Data Analyst
77dnn,Lem,Molineux,lmolineuxof@theguardian.com,Polygender,39,68.38.44.172,France,Web Developer
LzuIn,Justinian,Nerheny,jnerhenyog@360.cn,Bigender,57,162.44.226.217,France,Administrative Officer
KuFVO,Powell,Knappett,pknappettoh@answers.com,Polygender,48,231.108.166.199,France,Software Engineer
vvs33,Blair,Endricci,bendriccioi@nature.com,Agender,49,43.72.50.216,France,Web Developer
SpV84,Elysee,McGinly,emcginlyoj@nydailynews.com,Non-binary,54,82.168.41.79,Ireland,Support Technician
eNTOM,Gwenneth,Wilkisson,gwilkissonok@google.com.br,Female,59,94.159.60.23,Ireland,Support Technician
7b9q4,Joellyn,Guillou,jguillouol@reverbnation.com,Polygender,44,215.140.2.211,Ireland,Data Analyst
BX9lG,Marlon,Hayball,mhayballom@csmonitor.com,Male,48,90.195.250.29,France,Web Developer
qfhK5,Ruthi,Tear,rtearon@webeden.co.uk,Non-binary,31,3.111.138.20,Australia,Web Developer
hZLFp,Gordan,Moat,gmoatoo@facebook.com,Genderqueer,36,169.136.60.98,France,Administrative Officer
EMoVx,Shaughn,Rembrant,srembrantop@over-blog.com,Genderfluid,36,210.217.129.185,Ireland,Software Engineer
LDSn6,Gordy,Crosio,gcrosiooq@vk.com,Male,33,153.104.165.156,Australia,Support Technician
g0USL,Edlin,Eagles,eeaglesor@csmonitor.com,Genderfluid,38,101.224.250.150,France,Support Technician
NFFL8,Aubry,Nisen,anisenos@google.nl,Genderfluid,34,186.37.121.156,France,Web Developer
B0MLF,Byrle,Waldron,bwaldronot@mtv.com,Male,27,139.56.2.42,Australia,Data Analyst
xHJm4,Leelah,d' Elboux,ldelbouxou@wikimedia.org,Male,28,192.103.60.123,Ireland,Data Analyst
vDR6T,Paulie,Mantrip,pmantripov@histats.com,Female,46,171.68.118.218,Ireland,Data Analyst
7u0Ey,Chan,St Quenin,cstqueninow@adobe.com,Male,53,218.64.175.141,Australia,Support Technician
5bhD0,Lissie,Ruit,lruitox@deviantart.com,Bigender,24,178.191.143.250,Australia,Web Developer
yLevv,Harlan,Keggins,hkegginsoy@issuu.com,Genderfluid,37,217.54.228.17,France,Support Technician
Yd7y7,Amye,De Francisci,adefranciscioz@nifty.com,Non-binary,36,32.168.131.252,Australia,Support Technician
julun,Joane,Regelous,jregelousp0@angelfire.com,Non-binary,39,3.229.213.203,Ireland,Software Engineer
7nA8E,Leodora,Boni,lbonip1@sogou.com,Polygender,29,206.228.52.249,France,Administrative Officer
Y4lje,Tymothy,Langford,tlangfordp2@answers.com,Female,23,144.205.151.213,France,Data Analyst
qNO0W,Renie,Byrde,rbyrdep3@cdbaby.com,Bigender,57,197.183.98.64,Australia,Support Technician
ZSYYk,Arie,Wiggam,awiggamp4@weebly.com,Female,53,99.128.177.67,Australia,Support Technician
ZWl8m,Franz,Curman,fcurmanp5@google.com.au,Agender,51,4.94.38.204,France,Web Developer
Mp4ai,Cathryn,Meys,cmeysp6@gravatar.com,Agender,44,72.37.103.64,Ireland,Support Technician
HLaA0,Erich,Dumphries,edumphriesp7@trellian.com,Female,33,80.147.121.144,France,Support Technician
VyIop,Clim,Ashman,cashmanp8@nationalgeographic.com,Agender,41,205.176.17.152,Australia,Software Engineer
ZcG9h,Berry,Lukock,blukockp9@plala.or.jp,Bigender,47,170.129.91.58,France,Administrative Officer
wmzYM,Karlik,Friend,kfriendpa@desdev.cn,Genderqueer,20,119.133.126.166,France,Web Developer
wbUxs,Lindy,MacCumiskey,lmaccumiskeypb@dell.com,Genderfluid,21,16.111.238.116,France,Administrative Officer
ZbPMK,Zacharia,Scullion,zscullionpc@ycombinator.com,Male,59,47.29.100.214,Ireland,Data Analyst
QsQZY,Isabeau,Dews,idewspd@kickstarter.com,Polygender,25,41.18.205.19,France,Administrative Officer
CbODr,Hedvige,Padden,hpaddenpe@cloudflare.com,Bigender,51,225.223.79.236,Australia,Administrative Officer
Ur706,Cullan,Cornely,ccornelypf@usnews.com,Non-binary,28,147.51.178.25,France,Software Engineer
qwNYL,Lea,McCowan,lmccowanpg@pcworld.com,Bigender,39,127.96.214.250,Ireland,Web Developer
9paLp,Rani,Ends,rendsph@whitehouse.gov,Genderqueer,39,243.36.71.32,Australia,Web Developer
7GNxa,Wilma,Heber,wheberpi@blogspot.com,Polygender,40,108.49.10.133,France,Administrative Officer
UJl3p,Leonora,Bisacre,lbisacrepj@dmoz.org,Bigender,27,31.94.8.36,France,Administrative Officer
aw3lO,Morrie,Vasilkov,mvasilkovpk@yandex.ru,Genderfluid,36,76.227.204.177,Australia,Web Developer
DNvwN,Tatiania,Morefield,tmorefieldpl@mtv.com,Male,58,37.175.59.221,France,Support Technician
weKqt,Miller,Dwerryhouse,mdwerryhousepm@gizmodo.com,Genderqueer,34,230.175.237.194,Ireland,Web Developer
a1X1a,Rufus,Calver,rcalverpn@wp.com,Male,41,208.141.126.132,Ireland,Support Technician
6NfBL,Robbert,Alleyn,ralleynpo@scribd.com,Bigender,29,110.194.83.39,France,Administrative Officer
aEGli,Dorthy,Coltart,dcoltartpp@weebly.com,Male,57,155.119.18.136,Ireland,Administrative Officer
Elsmb,Jillane,Hanfrey,jhanfreypq@simplemachines.org,Female,25,83.106.158.154,France,Administrative Officer
1dWMs,Leigh,Burgiss,lburgisspr@usda.gov,Female,26,255.234.186.91,Ireland,Web Developer
k8Bb9,Ashia,Mungham,amunghamps@nih.gov,Female,32,214.174.138.186,Ireland,Data Analyst
jdLb9,Worthington,Feaveryear,wfeaveryearpt@bloglovin.com,Genderfluid,22,145.204.164.233,France,Administrative Officer
7ucb4,Porty,Pero,pperopu@patch.com,Non-binary,56,171.125.129.32,France,Web Developer
zXX6M,Ki,Pidgeon,kpidgeonpv@wordpress.com,Male,51,157.76.42.192,France,Administrative Officer
0upJb,Dierdre,Hatch,dhatchpw@networksolutions.com,Polygender,44,102.88.148.184,France,Support Technician
HFEfo,Decca,De Normanville,ddenormanvillepx@shinystat.com,Genderqueer,49,135.154.5.174,Ireland,Data Analyst
xUl8p,May,Forson,mforsonpy@acquirethisname.com,Non-binary,55,209.94.157.11,France,Administrative Officer
s2j7U,Fields,Wavell,fwavellpz@ehow.com,Female,60,57.133.97.171,Australia,Software Engineer
CGHmI,Hymie,Ody,hodyq0@freewebs.com,Polygender,22,172.37.196.18,Ireland,Software Engineer
Tg7mV,Taylor,Grigolashvill,tgrigolashvillq1@whitehouse.gov,Female,50,155.26.204.246,Australia,Data Analyst
EJ15s,Kenn,Pierce,kpierceq2@ning.com,Genderfluid,42,102.8.203.11,Ireland,Software Engineer
tTBlw,Lauri,Wogdon,lwogdonq3@amazonaws.com,Male,44,43.203.161.246,France,Software Engineer
6SnEx,Royal,Seers,rseersq4@omniture.com,Genderfluid,58,69.116.50.177,Australia,Administrative Officer
egqIP,Jonis,Gladyer,jgladyerq5@boston.com,Male,39,14.97.58.148,Australia,Data Analyst
5PeRG,Malorie,Burman,mburmanq6@mozilla.org,Polygender,28,221.42.228.19,Australia,Web Developer
5c4Gu,Audrie,Latch,alatchq7@unicef.org,Bigender,38,0.169.245.77,France,Support Technician
Uq3JY,Lauren,Rakes,lrakesq8@shutterfly.com,Male,38,13.9.241.23,Ireland,Software Engineer
jamXP,Shirley,Bridgestock,sbridgestockq9@last.fm,Polygender,45,73.31.199.208,Ireland,Software Engineer
Z2a62,Hakim,Plaister,hplaisterqa@boston.com,Genderfluid,36,80.197.127.46,France,Administrative Officer
axfCy,Padriac,Holstein,pholsteinqb@lycos.com,Genderqueer,24,220.150.86.184,France,Administrative Officer
ndBXI,Johnnie,Gittoes,jgittoesqc@ning.com,Polygender,20,48.63.110.62,Australia,Software Engineer
nd1o1,Lyon,Rolfs,lrolfsqd@economist.com,Genderfluid,29,207.197.215.187,Australia,Administrative Officer
S9Wud,Sayer,Antognazzi,santognazziqe@go.com,Genderfluid,39,248.176.37.208,Australia,Software Engineer
cRQS3,Augustus,Exter,aexterqf@multiply.com,Male,24,162.196.190.253,France,Administrative Officer
WTZWk,Shalna,Dankersley,sdankersleyqg@yandex.ru,Bigender,45,78.3.185.174,Australia,Web Developer
e8CP0,Jeno,Cardon,jcardonqh@reddit.com,Male,35,89.63.11.227,France,Data Analyst
UfLOX,Tandie,Jearum,tjearumqi@spiegel.de,Bigender,52,104.140.131.249,Ireland,Web Developer
qmJhH,Dennison,Grishukhin,dgrishukhinqj@merriam-webster.com,Genderqueer,22,13.87.216.5,Ireland,Web Developer
k9Xs5,Clemmy,Burrel,cburrelqk@about.me,Agender,54,145.233.41.217,Australia,Web Developer
BYaxO,Lissy,Pietruszka,lpietruszkaql@shutterfly.com,Agender,20,160.242.84.230,France,Support Technician
N4wRU,Wynne,Roantree,wroantreeqm@google.fr,Male,23,155.181.254.189,Ireland,Data Analyst
eut1p,Constancy,Cosely,ccoselyqn@zimbio.com,Non-binary,26,204.138.45.234,Ireland,Support Technician
YiI7A,Kale,Benninger,kbenningerqo@discuz.net,Agender,36,87.84.112.30,Australia,Web Developer
OssP3,Samantha,Damsell,sdamsellqp@multiply.com,Bigender,25,114.25.43.136,Australia,Support Technician
vWOED,Harper,Umbers,humbersqq@jigsy.com,Bigender,49,41.47.229.191,Australia,Software Engineer
jF106,Alia,Jiroutka,ajiroutkaqr@live.com,Genderfluid,48,181.117.172.10,France,Data Analyst
zcjil,Faye,Pirnie,fpirnieqs@devhub.com,Genderfluid,60,111.59.81.81,Australia,Web Developer
rcmv8,Hayward,Elleray,hellerayqt@nationalgeographic.com,Agender,23,126.114.246.134,France,Web Developer
dKNm6,Gertrude,Pugh,gpughqu@newyorker.com,Genderfluid,60,125.145.154.66,France,Web Developer
HEGdf,Evelyn,Mingay,emingayqv@gnu.org,Male,38,40.90.1.157,Ireland,Data Analyst
UQrhb,Melinde,Stable,mstableqw@ebay.co.uk,Agender,24,45.39.246.165,Australia,Administrative Officer
FARRw,Arturo,Haizelden,ahaizeldenqx@rambler.ru,Genderqueer,40,101.141.229.155,France,Support Technician
Tdp0d,Sibelle,Raunds,sraundsqy@statcounter.com,Bigender,29,111.187.7.184,France,Data Analyst
kcIPL,Paulita,MacIllrick,pmacillrickqz@mozilla.com,Agender,43,240.143.186.210,Australia,Support Technician
DmEcx,Dalston,Marquess,dmarquessr0@github.com,Agender,25,102.186.51.122,Ireland,Software Engineer
ZW5Ri,Frants,Batchelar,fbatchelarr1@desdev.cn,Genderfluid,53,98.44.59.59,Ireland,Support Technician
sDnlk,Krisha,Sly,kslyr2@state.tx.us,Agender,33,255.60.218.171,Australia,Data Analyst
k8Tp2,Sandy,Chiene,schiener3@amazon.de,Genderfluid,43,234.116.33.50,Australia,Data Analyst
k1uvS,Brose,Burril,bburrilr4@theatlantic.com,Male,48,238.157.141.147,Ireland,Support Technician
9C6wV,Sunny,Kentish,skentishr5@mail.ru,Female,24,221.55.50.42,France,Web Developer
goYS1,Dorine,Redholes,dredholesr6@biglobe.ne.jp,Male,52,87.255.180.139,France,Data Analyst
SMg1Z,Dacie,Bruckstein,dbrucksteinr7@dailymotion.com,Polygender,57,133.29.58.79,Ireland,Support Technician
KRQ5o,Sheba,Schiefersten,sschieferstenr8@ow.ly,Polygender,36,36.28.105.82,Australia,Support Technician
6XNFk,Dorrie,Angliss,danglissr9@linkedin.com,Female,44,14.14.137.16,France,Web Developer
mOgQC,Coriss,Cantwell,ccantwellra@businesswire.com,Non-binary,38,111.17.160.39,Australia,Web Developer
kj2uY,Micky,Kippling,mkipplingrb@pcworld.com,Genderqueer,36,16.254.177.111,France,Web Developer
iJise,Onofredo,Lamblot,olamblotrc@vk.com,Genderqueer,45,8.135.190.19,France,Support Technician
KO2qa,Hayes,Cavnor,hcavnorrd@epa.gov,Non-binary,52,9.131.156.82,Ireland,Software Engineer
RmS1H,Sheffy,Burnhams,sburnhamsre@illinois.edu,Non-binary,34,98.43.171.186,Australia,Data Analyst
bhrZc,Sheri,Cagan,scaganrf@berkeley.edu,Agender,24,26.56.109.0,Ireland,Support Technician
BQal9,Gene,Greenham,ggreenhamrg@privacy.gov.au,Bigender,27,216.176.115.208,France,Software Engineer
tAEd9,Roxine,Woodcroft,rwoodcroftrh@wisc.edu,Male,43,251.45.183.139,Ireland,Web Developer
9OCEp,Shannen,Birchill,sbirchillri@arizona.edu,Genderqueer,47,237.103.204.57,Ireland,Administrative Officer
ZcwXs,Rhys,Excell,rexcellrj@chicagotribune.com,Genderqueer,39,10.255.135.233,Australia,Support Technician
WZ7La,Cassey,Pickavance,cpickavancerk@adobe.com,Agender,52,37.147.59.17,Australia,Data Analyst
pfOxF,Tonya,Trout,ttroutrl@wsj.com,Bigender,35,195.62.85.17,Australia,Support Technician
UzOme,Freemon,Jeness,fjenessrm@mozilla.org,Polygender,29,32.152.141.31,France,Web Developer
sClMb,Viva,Shelly,vshellyrn@columbia.edu,Polygender,45,120.47.101.85,Ireland,Support Technician
m35O6,Modesta,Beelby,mbeelbyro@multiply.com,Agender,23,87.165.229.247,Ireland,Software Engineer
WicGJ,Kally,Studders,kstuddersrp@virginia.edu,Female,21,255.250.96.55,Australia,Software Engineer
M8OLK,Neel,D'Ambrosi,ndambrosirq@google.co.jp,Male,27,77.148.145.178,Ireland,Data Analyst
xB5CU,Myca,Dedney,mdedneyrr@angelfire.com,Genderfluid,60,226.52.52.210,Australia,Administrative Officer
