first_name,last_name,email,gender,ip_address
Tory,Malser,tmalser0@aboutads.info,Polygender,37.129.33.76
Carmen,Gatch,cgatch1@zdnet.com,Male,70.203.246.166
Laetitia,Boule,lboule2@hubpages.com,Female,151.174.232.177
Ardyce,Glancy,aglancy3@cbslocal.com,Agender,225.201.87.89
Maressa,Lynde,mlynde4@bbc.co.uk,Female,167.183.89.11
Dianna,Di Giacomo,ddigiacomo5@issuu.com,Agender,16.37.148.23
Fitzgerald,Probbings,fprobbings6@marketwatch.com,Female,207.6.154.150
Wye,McCloughen,wmccloughen7@icq.com,Genderqueer,18.39.148.162
Euphemia,Hawkes,ehawkes8@marriott.com,Non-binary,160.210.21.56
Cosetta,Wavish,cwavish9@qq.com,Agender,133.153.78.50
Coreen,Doget,cdogeta@typepad.com,Non-binary,50.65.172.181
Renee,Davidovic,rdavidovicb@hao123.com,Polygender,17.160.37.198
Amabel,Macewan,amacewanc@ehow.com,Agender,4.14.183.79
Inness,Funcheon,ifuncheond@facebook.com,Male,51.105.162.122
Smitty,Lapslie,slapsliee@pinterest.com,Female,37.110.30.207
Rollo,Lamb,rlambf@aboutads.info,Male,243.138.82.243
Berta,Clashe,bclasheg@storify.com,Agender,128.25.54.28
Solly,Kembrey,skembreyh@auda.org.au,Genderfluid,90.165.223.251
Norbie,Foden,nfodeni@hexun.com,Bigender,49.246.38.220
Ranee,Treleaven,rtreleavenj@webs.com,Male,224.160.196.58
Norine,Jamblin,njamblink@google.ru,Polygender,70.34.185.63
Kenn,Fumagall,kfumagalll@trellian.com,Non-binary,137.198.165.202
Mirella,Merriott,mmerriottm@mysql.com,Female,212.52.35.70
Pip,Holttom,pholttomn@chicagotribune.com,Bigender,23.214.235.163
Car,Ithell,cithello@sphinn.com,Genderfluid,60.156.98.127
Alexandros,Burgh,aburghp@amazonaws.com,Male,84.74.91.138
Jerry,Dreghorn,jdreghornq@posterous.com,Female,182.74.213.169
Huey,Nabarro,hnabarror@twitpic.com,Male,187.230.140.16
Ester,Armell,earmells@naver.com,Agender,40.233.81.202
Gayel,Dyke,gdyket@friendfeed.com,Polygender,72.22.28.158
Tonye,Hanbidge,thanbidgeu@usnews.com,Female,100.222.84.250
Clair,Walklett,cwalklettv@amazon.co.jp,Female,236.105.166.143
Davita,China,dchinaw@japanpost.jp,Bigender,7.66.132.21
Cathlene,Le Grove,clegrovex@digg.com,Female,130.122.117.98
Marylynne,Creese,mcreesey@list-manage.com,Non-binary,139.58.66.179
Diahann,Grisbrook,dgrisbrookz@uol.com.br,Bigender,155.160.195.186
Ros,Seymour,rseymour10@squarespace.com,Male,45.251.77.134
Orly,Coal,ocoal11@hud.gov,Bigender,109.254.44.75
Stuart,Cottie,scottie12@dyndns.org,Genderqueer,241.15.169.252
Geordie,Dunlea,gdunlea13@drupal.org,Male,127.12.160.236
Mathian,Surcombe,msurcombe14@imgur.com,Female,178.149.145.27
Alika,Lockton,alockton15@imgur.com,Genderqueer,117.40.36.127
Helge,Mathwin,hmathwin16@nasa.gov,Bigender,84.52.118.57
Angelica,Stockoe,astockoe17@altervista.org,Polygender,188.85.252.130
Carmel,Dietmar,cdietmar18@hatena.ne.jp,Male,67.254.158.104
Yvonne,Burriss,yburriss19@ftc.gov,Genderfluid,191.100.83.147
Leigh,Allner,lallner1a@google.it,Bigender,185.137.26.182
Cary,Itschakov,citschakov1b@buzzfeed.com,Agender,21.19.234.153
Stacy,MacGinlay,smacginlay1c@rakuten.co.jp,Female,125.38.157.204
Othilie,Lampart,olampart1d@artisteer.com,Non-binary,143.42.97.157
Gare,Walters,gwalters1e@clickbank.net,Bigender,192.122.38.115
Clyve,Seifenmacher,cseifenmacher1f@studiopress.com,Agender,117.197.80.43
Donetta,Keysel,dkeysel1g@simplemachines.org,Bigender,196.4.169.212
Seymour,Wise,swise1h@odnoklassniki.ru,Female,247.25.128.93
Haleigh,Flye,hflye1i@unesco.org,Non-binary,171.226.38.74
Clint,Blaszkiewicz,cblaszkiewicz1j@dailymotion.com,Female,188.128.104.79
Mattheus,Lipgens,mlipgens1k@ucoz.com,Male,5.47.84.207
Ronald,Skahill,rskahill1l@paypal.com,Bigender,200.131.108.67
Kaspar,Whitticks,kwhitticks1m@unicef.org,Polygender,235.200.24.103
Carmencita,Gilhool,cgilhool1n@opera.com,Agender,188.156.165.215
Tymon,O'Gavin,togavin1o@ucla.edu,Polygender,121.247.217.241
Bobbye,Brach,bbrach1p@amazon.com,Male,205.114.234.93
Shirley,Rodell,srodell1q@bloglovin.com,Genderqueer,204.126.140.89
Rafferty,Betts,rbetts1r@ucoz.com,Bigender,253.48.255.232
Justino,D'Orsay,jdorsay1s@nhs.uk,Female,109.163.42.182
Mavis,Damiata,mdamiata1t@twitpic.com,Male,192.98.195.73
Zack,Melrose,zmelrose1u@google.ca,Genderfluid,11.134.65.242
Zacharia,Trolley,ztrolley1v@ihg.com,Male,51.244.199.24
Domeniga,Iredale,diredale1w@woothemes.com,Genderfluid,204.16.156.2
Marquita,Waker,mwaker1x@dropbox.com,Bigender,101.82.165.28
Nanine,Tuft,ntuft1y@indiatimes.com,Polygender,115.202.238.241
Forest,Roantree,froantree1z@samsung.com,Male,84.39.159.2
Clotilda,Polhill,cpolhill20@usgs.gov,Male,52.77.22.212
Curr,Tieraney,ctieraney21@ucla.edu,Polygender,231.6.200.254
Robbert,Kunzler,rkunzler22@barnesandnoble.com,Non-binary,239.172.233.238
Arnie,Jirek,ajirek23@netvibes.com,Agender,45.34.109.147
Terrell,Milson,tmilson24@who.int,Female,26.155.227.15
Cayla,Mycroft,cmycroft25@sciencedirect.com,Polygender,173.18.233.181
Kaine,Gian,kgian26@dropbox.com,Non-binary,175.27.42.245
Hanan,Norledge,hnorledge27@mtv.com,Genderfluid,14.48.69.32
Elfrida,Lyokhin,elyokhin28@unc.edu,Male,210.192.38.121
Melamie,Brecon,mbrecon29@sciencedaily.com,Bigender,3.98.80.155
Hanna,Jakubovski,hjakubovski2a@addtoany.com,Genderfluid,61.77.149.76
Cordy,Firle,cfirle2b@phpbb.com,Agender,226.185.155.154
Bran,L'Amie,blamie2c@bbb.org,Non-binary,145.82.154.135
Roberto,Korf,rkorf2d@cornell.edu,Bigender,105.22.99.33
Kimball,Donovan,kdonovan2e@salon.com,Female,169.138.231.49
Diego,Duhig,dduhig2f@google.ru,Bigender,22.165.68.180
Jone,Mathe,jmathe2g@utexas.edu,Bigender,81.184.169.70
Teddie,Kleinmann,tkleinmann2h@chicagotribune.com,Genderqueer,143.220.181.233
Howey,Batting,hbatting2i@imdb.com,Male,221.28.154.225
Jerome,De Metz,jdemetz2j@google.co.jp,Genderfluid,105.36.183.42
Analise,Sparry,asparry2k@infoseek.co.jp,Polygender,226.72.251.240
Ysabel,Reaman,yreaman2l@networkadvertising.org,Polygender,112.239.143.44
Clementina,Rens,crens2m@baidu.com,Non-binary,64.51.165.227
Der,Cornewell,dcornewell2n@wikimedia.org,Bigender,157.105.192.224
Mehetabel,Meaton,mmeaton2o@redcross.org,Female,20.44.95.125
Livvyy,MacSwayde,lmacswayde2p@infoseek.co.jp,Genderfluid,121.56.203.95
Jasmin,MacCurtain,jmaccurtain2q@sbwire.com,Genderfluid,166.100.18.69
Raimondo,Jennrich,rjennrich2r@fastcompany.com,Agender,143.81.241.150
Alvis,Fraczak,afraczak2s@indiatimes.com,Male,192.227.114.102
Marcelle,Flement,mflement2t@nsw.gov.au,Genderqueer,47.91.129.186
Teodor,Vayne,tvayne2u@parallels.com,Agender,1.102.36.53
Lenora,Marzelle,lmarzelle2v@ucsd.edu,Female,147.51.35.248
Bea,Esposi,besposi2w@nytimes.com,Genderqueer,38.68.136.133
Hammad,Treker,htreker2x@phoca.cz,Genderqueer,5.195.105.11
Anatollo,Sheard,asheard2y@tamu.edu,Polygender,194.53.229.76
Angus,Eglington,aeglington2z@washington.edu,Bigender,151.0.203.20
Gustaf,Lintot,glintot30@utexas.edu,Male,84.196.149.133
Brad,Lantiff,blantiff31@unc.edu,Genderqueer,241.115.247.226
Rosie,Brandon,rbrandon32@nature.com,Genderfluid,169.125.175.101
Vivia,Pechard,vpechard33@redcross.org,Non-binary,219.231.162.26
Gearard,Dibden,gdibden34@bing.com,Agender,1.107.94.135
Brendon,Dossetter,bdossetter35@patch.com,Genderfluid,185.43.152.184
Emera,McCuis,emccuis36@newyorker.com,Polygender,143.92.253.172
Siward,Hellewell,shellewell37@utexas.edu,Female,213.128.242.145
Clint,Gieves,cgieves38@oaic.gov.au,Female,40.16.248.194
Frasier,Inde,finde39@alexa.com,Genderfluid,177.48.34.224
Caz,Cardiff,ccardiff3a@cyberchimps.com,Non-binary,191.131.173.17
Dottie,Crowcher,dcrowcher3b@freewebs.com,Bigender,231.231.128.219
Dulcie,Brauner,dbrauner3c@cnet.com,Male,141.238.12.240
Tan,Weatherell,tweatherell3d@geocities.jp,Female,8.163.129.0
Carmelia,Hully,chully3e@sourceforge.net,Bigender,190.196.174.130
Merrel,Urlin,murlin3f@comsenz.com,Female,172.90.137.23
Erika,Huyche,ehuyche3g@networksolutions.com,Agender,145.220.144.78
Shirlee,Huscroft,shuscroft3h@dedecms.com,Male,125.231.201.33
Guillermo,McNeilly,gmcneilly3i@unc.edu,Genderfluid,46.186.154.54
Yvonne,Knottley,yknottley3j@discovery.com,Genderfluid,219.50.104.23
Moina,Tyne,mtyne3k@sogou.com,Agender,121.26.226.10
Terri,Blei,tblei3l@unesco.org,Agender,241.152.110.151
Gregoor,Espinos,gespinos3m@rambler.ru,Agender,239.237.248.119
Linzy,Hollows,lhollows3n@nba.com,Polygender,88.162.39.159
Carmencita,De Zuani,cdezuani3o@gizmodo.com,Polygender,67.177.194.224
Clim,Kitchenham,ckitchenham3p@msu.edu,Female,32.120.110.41
Dulce,Turney,dturney3q@theglobeandmail.com,Male,105.167.137.149
Anthe,Thonason,athonason3r@g.co,Male,40.38.99.43
Cecelia,Cogdon,ccogdon3s@ihg.com,Agender,249.106.156.167
Birgitta,Provost,bprovost3t@abc.net.au,Polygender,106.166.197.83
Nevile,Screas,nscreas3u@mail.ru,Genderqueer,18.52.105.153
Charity,MacAfee,cmacafee3v@woothemes.com,Genderqueer,97.255.201.211
Garold,Galiford,ggaliford3w@ifeng.com,Non-binary,100.66.239.120
Kirby,MacAnellye,kmacanellye3x@who.int,Male,248.137.201.72
Aviva,Makiver,amakiver3y@vk.com,Genderqueer,186.220.156.141
Gusella,Halsall,ghalsall3z@blog.com,Genderfluid,133.141.199.133
Eadie,Sijmons,esijmons40@statcounter.com,Agender,60.149.221.155
Mari,Wanek,mwanek41@mozilla.com,Genderqueer,100.113.185.126
Tobe,Shackelton,tshackelton42@columbia.edu,Genderqueer,104.155.0.227
Kaitlin,Kilfeather,kkilfeather43@wikimedia.org,Agender,252.65.95.17
Woodie,Mariaud,wmariaud44@webmd.com,Male,53.232.212.13
Garner,Petrussi,gpetrussi45@bloomberg.com,Bigender,32.172.151.84
Christoper,Stubbert,cstubbert46@patch.com,Genderfluid,169.91.95.179
Kary,Kitchingman,kkitchingman47@apache.org,Genderfluid,152.188.38.240
Ram,Middiff,rmiddiff48@sphinn.com,Genderqueer,141.24.4.11
Bev,Philipard,bphilipard49@meetup.com,Genderqueer,165.58.243.158
Mike,O'Corrin,mocorrin4a@oaic.gov.au,Genderfluid,111.91.69.214
Dwight,Ingolotti,dingolotti4b@ycombinator.com,Agender,218.112.164.245
Kelby,Timothy,ktimothy4c@symantec.com,Genderfluid,41.211.9.165
Margalo,Egdale,megdale4d@scientificamerican.com,Female,66.128.54.205
Pat,Keepence,pkeepence4e@flickr.com,Agender,54.232.246.102
Caitrin,Verney,cverney4f@mail.ru,Genderfluid,91.244.160.83
Tybie,Shermore,tshermore4g@moonfruit.com,Genderqueer,122.110.163.138
Maddie,Kiledal,mkiledal4h@spotify.com,Female,187.51.42.246
Margaretta,McCarly,mmccarly4i@mashable.com,Agender,233.34.160.167
Berthe,Corck,bcorck4j@omniture.com,Male,179.192.168.105
Mathe,Scutchings,mscutchings4k@sphinn.com,Genderfluid,51.169.108.63
Trudey,Cummings,tcummings4l@furl.net,Polygender,214.123.93.202
Mariette,Golledge,mgolledge4m@examiner.com,Male,14.9.240.161
Hagen,Clemencon,hclemencon4n@blog.com,Female,202.247.16.175
Sidoney,Sandham,ssandham4o@instagram.com,Genderfluid,200.106.114.231
Charlie,Dranfield,cdranfield4p@goodreads.com,Genderqueer,96.233.13.23
Norrie,Warder,nwarder4q@tripod.com,Genderqueer,91.192.19.125
Lorrayne,Reavell,lreavell4r@google.nl,Polygender,17.243.18.178
Wendy,Heffron,wheffron4s@yelp.com,Polygender,110.58.204.114
Averyl,Order,aorder4t@wsj.com,Polygender,130.10.234.219
Lance,Gonsalvez,lgonsalvez4u@edublogs.org,Agender,123.251.62.80
Dorelle,Gonnely,dgonnely4v@accuweather.com,Non-binary,12.39.55.216
Cherie,De Andreis,cdeandreis4w@dailymail.co.uk,Female,59.91.89.241
Aguistin,Gridley,agridley4x@wired.com,Female,26.117.126.119
Kennie,Collings,kcollings4y@nba.com,Non-binary,157.103.202.169
Markos,Severs,msevers4z@prnewswire.com,Non-binary,243.244.166.154
Dannel,Stollenbeck,dstollenbeck50@craigslist.org,Polygender,14.160.150.149
Cart,Marte,cmarte51@google.co.uk,Male,119.100.183.186
Neron,Davie,ndavie52@noaa.gov,Genderfluid,207.7.110.70
Kellie,Goodchild,kgoodchild53@cornell.edu,Female,139.239.24.190
Kissee,Biasioli,kbiasioli54@jimdo.com,Polygender,67.82.12.147
Nathaniel,Bullant,nbullant55@4shared.com,Polygender,117.11.143.98
Eleni,Dax,edax56@wix.com,Genderqueer,64.30.20.160
Gordon,Boscher,gboscher57@loc.gov,Genderfluid,211.163.90.74
Winnifred,Grimsdyke,wgrimsdyke58@miibeian.gov.cn,Genderfluid,16.193.184.127
Ferrel,Talman,ftalman59@vinaora.com,Genderqueer,12.177.180.166
Deeyn,Gildersleeve,dgildersleeve5a@netscape.com,Non-binary,55.59.72.33
Brion,Dericut,bdericut5b@unc.edu,Polygender,39.136.209.185
Kristine,Gately,kgately5c@indiatimes.com,Female,48.182.18.57
Arliene,Ghio,aghio5d@admin.ch,Genderfluid,169.188.220.109
Friedrick,Gimenez,fgimenez5e@amazon.co.jp,Polygender,163.201.217.96
Vale,Llewellin,vllewellin5f@yandex.ru,Genderqueer,139.169.4.63
Binnie,Desson,bdesson5g@aboutads.info,Female,51.243.159.253
Linnea,Corinton,lcorinton5h@clickbank.net,Genderqueer,218.11.180.215
Linnell,Sciusscietto,lsciusscietto5i@buzzfeed.com,Male,109.65.62.210
Palm,Dory,pdory5j@cnn.com,Genderqueer,217.18.147.99
Granthem,Feldheim,gfeldheim5k@ox.ac.uk,Non-binary,10.232.141.234
Alleyn,Castellone,acastellone5l@chronoengine.com,Bigender,70.29.34.79
Ema,Dani,edani5m@house.gov,Bigender,149.64.145.33
Sharia,Mottershead,smottershead5n@illinois.edu,Non-binary,116.241.50.16
Ariadne,Hesse,ahesse5o@4shared.com,Male,141.53.83.182
Reg,Rheubottom,rrheubottom5p@bing.com,Polygender,19.161.230.227
Gonzales,Schrei,gschrei5q@howstuffworks.com,Genderqueer,4.59.51.247
Ashbey,Cremins,acremins5r@nba.com,Non-binary,121.94.36.147
Cassey,Radoux,cradoux5s@multiply.com,Polygender,3.63.210.198
Ethyl,Scouller,escouller5t@weebly.com,Agender,154.196.36.90
Earlie,Larn,elarn5u@163.com,Male,190.197.168.116
Esmaria,Bentote,ebentote5v@jugem.jp,Non-binary,161.213.119.128
Jamima,Holde,jholde5w@mac.com,Agender,186.76.109.196
Clayborne,O'Crotty,cocrotty5x@go.com,Genderqueer,183.227.123.103
Lilla,Lassetter,llassetter5y@rambler.ru,Polygender,5.92.34.167
Peyton,Falk,pfalk5z@slideshare.net,Genderfluid,200.92.211.79
Shayne,Gasticke,sgasticke60@free.fr,Genderfluid,223.224.136.7
Gav,Wigglesworth,gwigglesworth61@artisteer.com,Male,196.24.144.154
Jaclin,Filipychev,jfilipychev62@diigo.com,Female,35.219.30.34
Ronica,Darte,rdarte63@alibaba.com,Genderqueer,47.227.197.97
Laurel,Kirckman,lkirckman64@miitbeian.gov.cn,Agender,205.251.45.154
Misha,Skittrell,mskittrell65@vk.com,Polygender,153.54.80.166
Melvin,Bradberry,mbradberry66@mac.com,Bigender,227.113.50.83
Clayson,Kubasek,ckubasek67@imageshack.us,Agender,87.7.222.152
Rafaelita,Gaunt,rgaunt68@people.com.cn,Polygender,114.36.54.65
Chelsey,Childes,cchildes69@smugmug.com,Male,180.37.26.100
Rosella,Barfford,rbarfford6a@slate.com,Polygender,138.118.92.195
Reuven,Shillitoe,rshillitoe6b@usnews.com,Genderfluid,28.220.51.70
Damiano,Tongue,dtongue6c@noaa.gov,Agender,232.156.135.163
Joelie,Mullally,jmullally6d@bloglines.com,Agender,176.204.149.21
Melva,Zanetello,mzanetello6e@imageshack.us,Genderfluid,135.133.15.71
Sapphira,Cleaves,scleaves6f@tiny.cc,Male,98.9.157.101
Isadora,Gazey,igazey6g@cornell.edu,Non-binary,164.90.71.111
Maurie,Birdwhistell,mbirdwhistell6h@wordpress.org,Female,81.239.201.4
Cymbre,Cutmare,ccutmare6i@cloudflare.com,Non-binary,216.188.2.87
Homerus,Handover,hhandover6j@skype.com,Agender,186.251.99.18
Mitchel,Blampy,mblampy6k@china.com.cn,Genderfluid,151.40.29.33
Vincenty,Stoak,vstoak6l@google.ca,Male,203.79.36.244
Eulalie,Antonacci,eantonacci6m@discuz.net,Polygender,171.125.139.58
Nicole,Hoppner,nhoppner6n@domainmarket.com,Genderfluid,64.15.163.70
Armstrong,Ratcliff,aratcliff6o@weibo.com,Agender,90.46.106.139
Zsa zsa,Greenland,zgreenland6p@yellowbook.com,Male,52.65.224.28
Taylor,Trippick,ttrippick6q@fda.gov,Male,85.179.129.164
Corinna,Tarbox,ctarbox6r@apple.com,Genderqueer,236.97.217.25
Fleur,Simms,fsimms6s@clickbank.net,Genderqueer,147.3.168.114
Dallon,Biernat,dbiernat6t@bing.com,Female,117.245.251.14
Therine,Ferreres,tferreres6u@tripod.com,Genderfluid,107.214.47.2
Kerrin,Hymer,khymer6v@dmoz.org,Agender,53.67.55.120
Iago,Clixby,iclixby6w@parallels.com,Agender,206.202.87.82
Aluin,Bendel,abendel6x@miibeian.gov.cn,Non-binary,142.191.33.230
Vinson,Angeau,vangeau6y@dropbox.com,Agender,25.149.146.216
Randy,Bucknill,rbucknill6z@e-recht24.de,Female,131.49.246.175
Cris,Wilden,cwilden70@amazon.com,Genderqueer,158.244.132.65
Scotti,Hardie,shardie71@canalblog.com,Agender,151.190.56.150
Roana,Casol,rcasol72@wordpress.com,Female,32.41.90.190
Talia,Juste,tjuste73@ucla.edu,Polygender,233.139.171.186
Quintin,Drohane,qdrohane74@qq.com,Female,204.245.60.232
Hatty,Rosini,hrosini75@hugedomains.com,Agender,109.44.68.82
Ettore,Wrinch,ewrinch76@weibo.com,Genderqueer,76.89.77.235
Leroi,Gonet,lgonet77@wp.com,Male,193.67.96.236
Giffer,Guiducci,gguiducci78@theglobeandmail.com,Male,40.112.179.236
Major,Impy,mimpy79@businessinsider.com,Non-binary,51.173.168.12
Yance,Dunne,ydunne7a@sfgate.com,Female,62.116.140.127
Pall,Orrock,porrock7b@comcast.net,Agender,188.208.175.62
Juline,Tebald,jtebald7c@devhub.com,Female,5.13.64.254
Eldridge,Parsonson,eparsonson7d@sohu.com,Polygender,144.160.220.150
Hercules,Ruilton,hruilton7e@vistaprint.com,Polygender,106.129.250.9
Norrie,Cudby,ncudby7f@issuu.com,Genderqueer,94.188.13.83
Andrei,Nowlan,anowlan7g@bigcartel.com,Male,101.69.159.95
Juan,Undrell,jundrell7h@soundcloud.com,Agender,87.12.195.204
Angus,Blaszczak,ablaszczak7i@moonfruit.com,Genderfluid,204.164.178.193
Bea,Fiddeman,bfiddeman7j@phpbb.com,Bigender,155.55.217.243
Kalila,Guest,kguest7k@imgur.com,Agender,47.248.243.194
Irene,Galliver,igalliver7l@ihg.com,Agender,23.214.78.245
Noreen,Fairbourn,nfairbourn7m@ucoz.com,Non-binary,44.222.160.82
Alwyn,Klemt,aklemt7n@alexa.com,Genderqueer,207.177.71.96
Brendan,Grayley,bgrayley7o@nih.gov,Female,81.194.217.43
Pearle,Palatino,ppalatino7p@npr.org,Polygender,35.69.244.150
Don,Braybrooke,dbraybrooke7q@businessinsider.com,Polygender,64.63.114.67
Torey,Witz,twitz7r@elegantthemes.com,Genderqueer,252.145.189.60
Deanna,Petrushkevich,dpetrushkevich7s@odnoklassniki.ru,Agender,172.99.134.84
Teddy,Dowry,tdowry7t@theglobeandmail.com,Agender,70.98.150.75
Selinda,Frayne,sfrayne7u@xrea.com,Polygender,99.200.230.185
Bevon,Kezor,bkezor7v@simplemachines.org,Polygender,209.244.25.1
Rivkah,Bernardotti,rbernardotti7w@squarespace.com,Genderqueer,163.137.234.200
Wendi,Rudolph,wrudolph7x@soup.io,Bigender,188.247.217.208
Emlyn,Petracek,epetracek7y@arstechnica.com,Genderfluid,243.68.162.200
Immanuel,Ducastel,iducastel7z@soup.io,Agender,193.8.212.89
Paton,Pinnere,ppinnere80@ustream.tv,Agender,2.194.49.209
Venita,Prantoni,vprantoni81@imdb.com,Genderqueer,208.148.246.226
Cassius,Erbe,cerbe82@ycombinator.com,Non-binary,70.252.246.34
Bob,Craydon,bcraydon83@harvard.edu,Polygender,248.102.175.193
Gaynor,Clac,gclac84@slate.com,Genderqueer,194.252.24.62
Reuben,Morrad,rmorrad85@cyberchimps.com,Genderqueer,141.91.190.220
Sheilakathryn,De-Ville,sdeville86@noaa.gov,Female,135.19.254.175
Timothy,Van Arsdall,tvanarsdall87@wikia.com,Genderfluid,248.213.231.6
Dame,McLoney,dmcloney88@dot.gov,Agender,121.11.103.23
Knox,Bissiker,kbissiker89@cyberchimps.com,Non-binary,219.195.80.102
Bernetta,Geillier,bgeillier8a@dailymotion.com,Polygender,178.160.103.25
Karel,Jaggs,kjaggs8b@bing.com,Polygender,126.163.224.221
Edna,Ivett,eivett8c@vimeo.com,Bigender,52.0.44.211
Bobinette,Cardo,bcardo8d@virginia.edu,Polygender,44.159.170.40
Lauren,Garry,lgarry8e@psu.edu,Polygender,215.171.192.111
Ardine,Want,awant8f@ocn.ne.jp,Non-binary,208.219.18.30
Carmela,Prator,cprator8g@hibu.com,Polygender,106.103.94.141
Stepha,Vala,svala8h@nature.com,Non-binary,48.147.18.84
Kevina,Woolager,kwoolager8i@house.gov,Female,182.252.46.141
Zenia,Plaid,zplaid8j@google.ru,Agender,155.114.178.123
Stacy,Maharey,smaharey8k@eventbrite.com,Female,189.155.190.29
Aurore,Ridel,aridel8l@themeforest.net,Bigender,6.96.245.129
Cosmo,Trunks,ctrunks8m@google.com.hk,Genderqueer,192.151.71.43
Ailyn,McCaighey,amccaighey8n@yellowpages.com,Male,235.249.199.219
Cele,Adaway,cadaway8o@sohu.com,Female,181.163.116.11
Myrtia,Duval,mduval8p@nature.com,Agender,85.202.157.201
Rod,Kulas,rkulas8q@biblegateway.com,Non-binary,115.37.61.46
Pren,Matuszak,pmatuszak8r@sakura.ne.jp,Genderfluid,109.219.25.59
Barde,Gover,bgover8s@google.com.hk,Polygender,120.251.234.198
Tish,Perren,tperren8t@plala.or.jp,Genderfluid,153.192.43.210
Trudy,Beldan,tbeldan8u@sitemeter.com,Bigender,171.71.101.188
Nana,Shilvock,nshilvock8v@over-blog.com,Polygender,6.63.100.254
Alix,Strase,astrase8w@noaa.gov,Agender,51.149.253.98
Bren,Symson,bsymson8x@noaa.gov,Non-binary,109.164.234.206
Rozamond,Greenly,rgreenly8y@purevolume.com,Non-binary,222.101.182.122
Talya,Holsall,tholsall8z@booking.com,Bigender,84.86.102.47
Waldon,Fishbourn,wfishbourn90@mashable.com,Bigender,132.52.254.80
Ashli,Judge,ajudge91@bigcartel.com,Bigender,72.243.234.86
Odell,Domone,odomone92@sourceforge.net,Bigender,255.136.124.117
Jolee,Goodbarr,jgoodbarr93@xinhuanet.com,Agender,182.11.20.81
Danni,Iglesias,diglesias94@zdnet.com,Agender,157.148.193.81
Selena,Woosnam,swoosnam95@ovh.net,Genderfluid,234.228.134.47
Karlie,Danick,kdanick96@hatena.ne.jp,Female,67.38.36.58
Myranda,Geerling,mgeerling97@eepurl.com,Female,55.158.33.172
Antonetta,Jorissen,ajorissen98@domainmarket.com,Agender,217.212.249.8
Base,Abramowsky,babramowsky99@wiley.com,Female,4.48.66.78
Vyky,Sprigging,vsprigging9a@spotify.com,Genderfluid,95.91.183.67
Germayne,Conwell,gconwell9b@naver.com,Agender,20.230.92.239
Emelda,Habershon,ehabershon9c@tinyurl.com,Non-binary,247.65.196.80
Amargo,Olanda,aolanda9d@themeforest.net,Male,169.154.247.40
Hurleigh,Gieraths,hgieraths9e@dot.gov,Genderfluid,125.122.87.89
Pepita,Gorsse,pgorsse9f@google.fr,Bigender,27.237.183.60
Jennifer,Earry,jearry9g@java.com,Non-binary,115.168.100.128
Bradley,Gilbard,bgilbard9h@bravesites.com,Polygender,228.152.94.19
Jarrad,Callis,jcallis9i@cisco.com,Bigender,100.110.161.245
Dick,McSpirron,dmcspirron9j@apache.org,Bigender,218.29.59.111
Bobinette,Potes,bpotes9k@hexun.com,Bigender,122.206.133.143
Kaitlin,Ros,kros9l@sphinn.com,Genderqueer,9.16.224.79
Royall,Heath,rheath9m@businessweek.com,Male,186.250.210.82
Padget,Katte,pkatte9n@amazon.de,Male,232.115.99.37
Etan,Crucitti,ecrucitti9o@storify.com,Non-binary,13.222.255.222
Lyndsay,McCallister,lmccallister9p@sourceforge.net,Male,135.250.166.214
Field,Kitcherside,fkitcherside9q@last.fm,Genderfluid,62.209.228.224
Cristen,Remmer,cremmer9r@phoca.cz,Bigender,190.109.177.9
Caitlin,Boynes,cboynes9s@thetimes.co.uk,Polygender,255.2.185.110
Port,Petrulis,ppetrulis9t@1und1.de,Genderqueer,92.33.2.172
Mariette,Braidman,mbraidman9u@google.co.uk,Genderqueer,226.194.154.228
Lindie,Peploe,lpeploe9v@ameblo.jp,Male,192.173.188.70
Elspeth,Hodjetts,ehodjetts9w@businessweek.com,Female,251.210.77.252
Rosaline,Gillinghams,rgillinghams9x@yandex.ru,Polygender,89.13.137.43
Coreen,Caunter,ccaunter9y@163.com,Genderfluid,7.50.22.139
Beulah,Bygott,bbygott9z@ed.gov,Bigender,157.130.33.237
Frederico,MacGillreich,fmacgillreicha0@wordpress.org,Genderfluid,37.213.42.87
Wallace,Millhill,wmillhilla1@feedburner.com,Non-binary,210.243.98.139
Darrelle,Jaukovic,djaukovica2@yelp.com,Genderqueer,118.65.58.218
Burg,Vardie,bvardiea3@jimdo.com,Non-binary,185.118.193.160
Crin,Mault,cmaulta4@mysql.com,Male,32.85.140.117
Ave,Andree,aandreea5@deviantart.com,Female,124.211.228.41
Angelo,Nellen,anellena6@behance.net,Agender,157.130.163.66
Reuben,Grellis,rgrellisa7@msu.edu,Genderqueer,191.118.233.200
Jay,Stile,jstilea8@example.com,Female,0.38.102.151
Peggie,Skip,pskipa9@flavors.me,Non-binary,162.174.1.163
Teodorico,Hothersall,thothersallaa@nyu.edu,Non-binary,90.84.56.115
Devy,Barnshaw,dbarnshawab@illinois.edu,Genderfluid,60.254.210.242
Malinda,Doale,mdoaleac@marketwatch.com,Agender,54.151.36.242
Waylen,Capineer,wcapineerad@ucoz.ru,Male,177.132.232.98
Melina,Von Welden,mvonweldenae@elegantthemes.com,Bigender,161.75.64.167
Bond,Erik,berikaf@smh.com.au,Genderqueer,239.184.239.146
Stanislaw,Webermann,swebermannag@webnode.com,Genderqueer,14.208.120.205
Zackariah,Thomton,zthomtonah@bandcamp.com,Polygender,164.236.157.233
Sven,Teek,steekai@forbes.com,Male,222.141.124.84
Michale,Draysey,mdrayseyaj@lycos.com,Polygender,65.190.66.51
Birdie,Cuchey,bcucheyak@storify.com,Non-binary,67.118.150.198
Vivianna,Bogey,vbogeyal@berkeley.edu,Female,140.168.228.184
Lynne,Medina,lmedinaam@dion.ne.jp,Genderqueer,225.127.255.247
Judye,Sharvell,jsharvellan@stanford.edu,Genderfluid,61.96.42.138
Cristen,Graalmans,cgraalmansao@businesswire.com,Female,82.92.219.209
Elnora,Esche,eescheap@furl.net,Genderqueer,9.193.239.54
Gilles,Gummory,ggummoryaq@issuu.com,Bigender,205.71.24.140
Melesa,Roxburgh,mroxburghar@storify.com,Male,185.110.60.53
Dore,Massingberd,dmassingberdas@skype.com,Genderfluid,251.249.211.200
Kat,Timeby,ktimebyat@google.es,Non-binary,66.18.19.65
Morganica,Dicky,mdickyau@biglobe.ne.jp,Non-binary,218.120.242.147
Grace,Dounbare,gdounbareav@ycombinator.com,Bigender,11.44.18.70
Seth,Londors,slondorsaw@scientificamerican.com,Agender,211.196.46.5
Moll,Nutten,mnuttenax@nature.com,Female,146.70.100.173
Rufe,Weildish,rweildishay@hugedomains.com,Genderqueer,114.114.233.95
Rayna,Choppin,rchoppinaz@furl.net,Agender,85.245.150.254
Jorgan,Theakston,jtheakstonb0@aol.com,Polygender,194.97.197.195
Constantino,Tabourier,ctabourierb1@geocities.jp,Genderfluid,105.178.121.103
Celesta,Redd,creddb2@acquirethisname.com,Female,23.110.149.186
Frank,Dy,fdyb3@ftc.gov,Agender,86.207.53.98
Engelbert,Colebrook,ecolebrookb4@cbc.ca,Polygender,41.248.148.156
Georg,Beste,gbesteb5@naver.com,Bigender,40.207.251.150
Tomaso,Frow,tfrowb6@elegantthemes.com,Female,193.43.114.202
Cam,Cagan,ccaganb7@home.pl,Agender,79.43.181.221
Andy,Chedzoy,achedzoyb8@newyorker.com,Genderqueer,153.113.24.96
Carmelina,Rosenauer,crosenauerb9@ezinearticles.com,Genderqueer,194.106.4.190
Lorraine,Domenichelli,ldomenichelliba@prnewswire.com,Female,93.14.66.101
Carney,Wheldon,cwheldonbb@google.com,Male,221.112.130.81
Alexina,Truder,atruderbc@time.com,Female,73.181.5.207
Dusty,Honsch,dhonschbd@instagram.com,Polygender,106.175.159.100
Yance,Andretti,yandrettibe@joomla.org,Female,66.82.9.90
Alisun,Missen,amissenbf@feedburner.com,Polygender,118.175.194.65
Harbert,Saurat,hsauratbg@infoseek.co.jp,Genderqueer,229.124.245.160
Noelyn,Foldes,nfoldesbh@360.cn,Female,61.35.215.7
Adora,Shaefer,ashaeferbi@jalbum.net,Male,120.145.192.85
Elton,Nertney,enertneybj@php.net,Genderqueer,146.243.67.174
Nikolai,Haldane,nhaldanebk@newyorker.com,Polygender,142.176.154.140
Damaris,Rosenblatt,drosenblattbl@slate.com,Polygender,136.105.216.244
Quillan,Laughtisse,qlaughtissebm@symantec.com,Genderqueer,149.67.241.92
Aristotle,Gorke,agorkebn@telegraph.co.uk,Agender,133.78.102.6
Blondell,Gronaller,bgronallerbo@addtoany.com,Genderfluid,186.232.222.237
Gerry,Joderli,gjoderlibp@tinypic.com,Polygender,160.242.65.233
Anthea,Mothersdale,amothersdalebq@samsung.com,Male,211.35.169.10
Diego,Jarad,djaradbr@senate.gov,Female,207.63.26.16
Waldon,Slatford,wslatfordbs@yolasite.com,Agender,162.151.46.18
Korney,Scarman,kscarmanbt@pagesperso-orange.fr,Polygender,169.34.183.185
Alwyn,Bearn,abearnbu@geocities.com,Polygender,206.215.189.148
Alis,Bonas,abonasbv@multiply.com,Genderfluid,44.169.226.184
Jorgan,Hew,jhewbw@ted.com,Genderfluid,230.47.127.50
Barby,Derington,bderingtonbx@wp.com,Agender,223.190.177.88
Dollie,Ledgeway,dledgewayby@vistaprint.com,Bigender,51.240.92.46
Randy,Puttrell,rputtrellbz@walmart.com,Non-binary,141.245.243.14
Pennie,Semmence,psemmencec0@yandex.ru,Female,90.156.187.221
Paige,Wilbore,pwilborec1@microsoft.com,Genderqueer,51.38.208.250
Henka,Pietrusiak,hpietrusiakc2@fc2.com,Bigender,89.128.141.241
Flynn,Itzkovwich,fitzkovwichc3@wikispaces.com,Agender,94.148.54.137
Ynez,Bailess,ybailessc4@mapy.cz,Non-binary,134.93.115.80
Nadine,D'Emanuele,ndemanuelec5@1688.com,Polygender,72.136.32.207
Kennie,Benton,kbentonc6@spotify.com,Genderfluid,163.18.117.131
Garvin,Kighly,gkighlyc7@paginegialle.it,Bigender,180.111.201.87
Aldis,Worsam,aworsamc8@slideshare.net,Male,216.67.19.244
Kaja,Blabey,kblabeyc9@jiathis.com,Female,214.251.190.245
Weidar,Anthoney,wanthoneyca@uol.com.br,Polygender,121.19.10.205
Theadora,Tourville,ttourvillecb@mayoclinic.com,Non-binary,33.20.113.113
Winnah,Scrowston,wscrowstoncc@slate.com,Male,21.176.176.255
Pris,Cauldwell,pcauldwellcd@mail.ru,Genderfluid,99.98.236.241
Sharleen,Faulconer,sfaulconerce@hibu.com,Genderqueer,158.8.120.68
Enid,Rookesby,erookesbycf@yahoo.co.jp,Female,66.247.110.70
Rycca,Dulanty,rdulantycg@mashable.com,Non-binary,93.208.237.9
Finlay,Wrankling,fwranklingch@topsy.com,Bigender,68.8.162.207
Ferrel,Ginnelly,fginnellyci@admin.ch,Genderqueer,174.164.236.17
Jessey,Pead,jpeadcj@hibu.com,Female,118.20.8.134
Shaina,Dodridge,sdodridgeck@businessinsider.com,Bigender,240.220.181.93
Madlin,Hawkswell,mhawkswellcl@samsung.com,Genderqueer,8.47.134.107
Adriane,Maxfield,amaxfieldcm@vimeo.com,Non-binary,255.149.0.183
Aristotle,McChesney,amcchesneycn@domainmarket.com,Non-binary,193.37.224.55
Elnore,Leat,eleatco@e-recht24.de,Polygender,113.212.55.110
Jeannine,Longford,jlongfordcp@bravesites.com,Genderfluid,89.17.212.3
Guido,Kenelin,gkenelincq@myspace.com,Non-binary,181.31.49.207
Goldy,Pauluzzi,gpauluzzicr@blog.com,Bigender,68.53.154.4
Shaun,Hatchman,shatchmancs@google.pl,Bigender,139.27.116.137
Evyn,Forty,efortyct@hatena.ne.jp,Female,178.73.9.206
Cayla,Bloxland,cbloxlandcu@europa.eu,Genderqueer,81.238.214.249
Jozef,Witnall,jwitnallcv@virginia.edu,Bigender,248.229.98.50
Lilith,Leifer,lleifercw@mozilla.org,Bigender,28.207.229.75
Teodora,Adger,tadgercx@trellian.com,Female,223.182.247.126
Adair,Szymoni,aszymonicy@slashdot.org,Female,138.175.82.114
Horatia,Mapam,hmapamcz@soundcloud.com,Genderfluid,56.184.249.165
Nelson,Dessant,ndessantd0@artisteer.com,Non-binary,31.108.2.233
Burlie,Tuckey,btuckeyd1@va.gov,Bigender,201.5.248.17
Blanch,Entwisle,bentwisled2@mapy.cz,Genderqueer,55.17.169.146
Gannon,Watson-Brown,gwatsonbrownd3@nyu.edu,Agender,140.173.238.118
Yard,Sitlinton,ysitlintond4@myspace.com,Polygender,13.250.241.216
Norrie,Exall,nexalld5@shinystat.com,Genderfluid,187.41.181.38
Harald,Phelp,hphelpd6@github.com,Genderqueer,206.132.196.229
Skip,Groll,sgrolld7@amazon.co.uk,Agender,74.92.176.88
Nat,Uff,nuffd8@toplist.cz,Genderqueer,214.229.217.69
Julienne,Applewhaite,japplewhaited9@pen.io,Genderqueer,222.195.201.130
Antoine,Lownsbrough,alownsbroughda@freewebs.com,Genderqueer,107.114.206.112
Debbie,Stainsby,dstainsbydb@npr.org,Polygender,246.246.119.234
Adara,Phelipeau,aphelipeaudc@gmpg.org,Male,236.137.21.114
Leann,Rubbens,lrubbensdd@digg.com,Polygender,80.189.237.232
Bruno,Simmell,bsimmellde@nsw.gov.au,Polygender,103.249.221.9
Angelina,Derobert,aderobertdf@php.net,Female,73.147.186.86
Olag,Oaten,ooatendg@barnesandnoble.com,Non-binary,58.120.140.167
Zorina,Osband,zosbanddh@twitter.com,Female,166.36.121.241
Vivien,Mitro,vmitrodi@fotki.com,Male,226.186.150.127
Lemar,Latch,llatchdj@theglobeandmail.com,Genderfluid,39.196.175.141
Orson,Hrinchenko,ohrinchenkodk@desdev.cn,Female,30.140.150.63
Gabi,Bosanko,gbosankodl@desdev.cn,Agender,204.230.164.209
Magda,Gullen,mgullendm@networksolutions.com,Bigender,58.205.46.93
Fey,Sich,fsichdn@behance.net,Genderfluid,164.94.228.158
Josie,Penniell,jpennielldo@amazonaws.com,Agender,167.226.116.204
Sherman,Keene,skeenedp@tumblr.com,Agender,240.107.216.234
Nellie,Lubman,nlubmandq@behance.net,Polygender,169.250.162.126
Jessika,O'Gready,jogreadydr@sohu.com,Genderfluid,189.200.247.77
Junina,Beavers,jbeaversds@businessinsider.com,Non-binary,51.176.141.99
Tara,Laity,tlaitydt@addtoany.com,Agender,47.118.229.228
Katleen,Bixley,kbixleydu@wsj.com,Genderfluid,77.63.126.191
Aksel,Beamish,abeamishdv@ifeng.com,Polygender,155.189.13.195
Samara,Frizell,sfrizelldw@upenn.edu,Genderfluid,65.6.101.1
Stirling,McAllan,smcallandx@rakuten.co.jp,Genderfluid,218.147.72.117
Samuel,Clarson,sclarsondy@walmart.com,Polygender,13.219.148.90
Kylie,Bru,kbrudz@discuz.net,Non-binary,112.52.179.127
Maura,Khoter,mkhotere0@admin.ch,Non-binary,255.3.77.133
Udell,Parton,upartone1@soup.io,Polygender,198.160.204.244
Edeline,Watkins,ewatkinse2@edublogs.org,Female,204.222.91.241
Tarrah,Lamberth,tlamberthe3@wisc.edu,Agender,154.249.110.160
Bernelle,Weyland,bweylande4@va.gov,Male,45.50.215.107
Shel,Tribbeck,stribbecke5@nba.com,Bigender,99.155.78.26
Vicki,O'Cullen,vocullene6@sfgate.com,Agender,241.16.86.5
Herbert,Berthot,hberthote7@people.com.cn,Genderqueer,20.123.32.62
Rickert,Bartolomeoni,rbartolomeonie8@tuttocitta.it,Polygender,46.161.28.16
Darbie,Tire,dtiree9@simplemachines.org,Non-binary,202.38.13.98
Jeanne,MacAughtrie,jmacaughtrieea@nifty.com,Male,130.129.29.210
Elaina,Sherebrook,esherebrookeb@sohu.com,Male,244.205.222.48
Noble,Genever,ngeneverec@is.gd,Non-binary,177.35.166.176
Gabriel,Belvard,gbelvarded@yellowbook.com,Non-binary,31.26.167.120
Ryan,Raffels,rraffelsee@disqus.com,Male,76.6.43.167
Dunn,Hopfner,dhopfneref@nytimes.com,Agender,105.102.29.159
Suzanna,Colwell,scolwelleg@bloglines.com,Genderqueer,90.108.97.142
Connie,Stoke,cstokeeh@usnews.com,Genderfluid,237.210.201.161
Nolan,Jellard,njellardei@mail.ru,Polygender,19.114.148.131
Berny,Crehan,bcrehanej@opensource.org,Genderfluid,176.185.195.20
Antonia,MacCoughen,amaccoughenek@hostgator.com,Non-binary,24.7.109.130
Alano,Perrottet,aperrottetel@japanpost.jp,Male,230.76.140.194
Eulalie,Lujan,elujanem@samsung.com,Non-binary,181.146.42.128
Gawen,Shelton,gsheltonen@hubpages.com,Female,200.206.160.242
Nollie,Dahl,ndahleo@mayoclinic.com,Polygender,176.33.179.114
Amargo,Cutill,acutillep@wikipedia.org,Male,60.250.61.93
Dorrie,Quincey,dquinceyeq@bloglines.com,Male,51.155.140.24
Suzette,Ovise,soviseer@hc360.com,Polygender,224.204.114.157
Pavel,Smissen,psmissenes@businessweek.com,Female,122.67.94.70
Phoebe,Simka,psimkaet@cbc.ca,Agender,110.22.188.45
Ellynn,Mauser,emausereu@shop-pro.jp,Female,159.206.73.109
Felice,Sauvan,fsauvanev@baidu.com,Female,215.136.54.108
Saxon,Jiggens,sjiggensew@latimes.com,Female,72.43.28.143
Shepard,Partkya,spartkyaex@tumblr.com,Genderqueer,97.152.10.145
Tad,McReynold,tmcreynoldey@homestead.com,Non-binary,143.18.111.34
Mei,Lukins,mlukinsez@tamu.edu,Female,52.53.113.15
Eolande,Matovic,ematovicf0@opera.com,Agender,60.123.182.143
Maris,Haffard,mhaffardf1@spiegel.de,Polygender,79.44.24.92
Petronia,Fairlam,pfairlamf2@linkedin.com,Male,156.97.59.76
Charlotta,Bravey,cbraveyf3@cbsnews.com,Genderfluid,51.247.188.228
Byron,Gozzett,bgozzettf4@hao123.com,Female,154.194.49.134
Melisa,McTerlagh,mmcterlaghf5@newyorker.com,Agender,16.189.131.217
Feodora,Hindmoor,fhindmoorf6@cyberchimps.com,Genderfluid,13.133.197.20
Phelia,Behnen,pbehnenf7@fda.gov,Bigender,142.146.78.73
Marlon,Espinosa,mespinosaf8@eepurl.com,Agender,187.207.116.59
Rube,Sinderland,rsinderlandf9@edublogs.org,Female,93.153.143.124
Perle,Dubber,pdubberfa@cmu.edu,Genderfluid,116.40.174.174
Ronny,Padgett,rpadgettfb@hatena.ne.jp,Female,37.158.107.84
Michaeline,Ibanez,mibanezfc@furl.net,Male,36.137.192.200
Astra,Sparshatt,asparshattfd@seattletimes.com,Bigender,128.214.157.111
Shelby,Pasby,spasbyfe@nps.gov,Female,251.133.23.8
Patrice,Hastewell,phastewellff@about.me,Agender,230.148.138.60
Frazer,Flory,ffloryfg@blogger.com,Genderqueer,57.77.173.25
Ed,Breazeall,ebreazeallfh@epa.gov,Female,129.181.85.241
Dorita,Frediani,dfredianifi@si.edu,Genderfluid,36.168.128.1
Maryellen,Bolles,mbollesfj@springer.com,Non-binary,91.72.102.195
Kirby,Thomesson,kthomessonfk@blogs.com,Genderfluid,115.233.154.16
Corrie,Grahlman,cgrahlmanfl@who.int,Female,206.130.239.44
Lewie,Okenden,lokendenfm@ycombinator.com,Agender,85.136.57.95
Beverlee,Hudless,bhudlessfn@timesonline.co.uk,Genderfluid,93.195.179.69
Sheba,Haworth,shaworthfo@mlb.com,Non-binary,241.202.86.147
Judie,Polycote,jpolycotefp@va.gov,Female,103.243.123.193
Raimund,Pearch,rpearchfq@comcast.net,Bigender,10.194.174.214
Emmie,Gell,egellfr@house.gov,Genderqueer,155.10.108.237
Charlotte,Banbrick,cbanbrickfs@mail.ru,Female,233.155.194.7
Carie,Pimlock,cpimlockft@narod.ru,Polygender,94.174.191.235
Rafa,Eickhoff,reickhofffu@statcounter.com,Agender,38.33.220.45
Tedd,Benech,tbenechfv@uiuc.edu,Agender,178.246.148.169
Gene,McMullen,gmcmullenfw@google.ru,Male,220.41.106.141
Agata,Darridon,adarridonfx@multiply.com,Non-binary,110.37.247.168
Cymbre,Sothcott,csothcottfy@cam.ac.uk,Bigender,146.201.80.199
Kalie,Lascell,klascellfz@un.org,Genderfluid,252.226.34.147
Gerrie,Thorbon,gthorbong0@skype.com,Non-binary,72.187.186.99
Derwin,Weadick,dweadickg1@europa.eu,Polygender,224.21.78.103
Broderick,Bantock,bbantockg2@craigslist.org,Polygender,62.227.129.160
Lucille,Baxstair,lbaxstairg3@blinklist.com,Bigender,146.4.186.93
Rora,Paddock,rpaddockg4@umich.edu,Agender,185.227.23.22
Corella,Elmhurst,celmhurstg5@dailymotion.com,Genderqueer,116.4.238.54
Nobie,Indruch,nindruchg6@xinhuanet.com,Male,161.197.198.151
Harcourt,Bassom,hbassomg7@soundcloud.com,Polygender,37.138.71.238
Margret,Ayce,mayceg8@qq.com,Genderfluid,201.168.131.165
Bernadine,Cullip,bcullipg9@webs.com,Male,81.129.150.205
Lilith,Bulleyn,lbulleynga@pagesperso-orange.fr,Female,239.254.110.100
Cris,Chilver,cchilvergb@youku.com,Polygender,17.148.200.23
Rubia,Theriot,rtheriotgc@reverbnation.com,Bigender,4.144.30.136
Pammi,Blackston,pblackstongd@meetup.com,Genderqueer,209.153.40.224
Darrel,MacCallion,dmaccallionge@parallels.com,Polygender,57.171.0.4
Simona,Eldredge,seldredgegf@cbslocal.com,Genderqueer,116.134.246.82
Eunice,Feldhammer,efeldhammergg@drupal.org,Male,69.69.132.228
Pearce,Djordjevic,pdjordjevicgh@behance.net,Female,3.200.85.67
Vonny,Jeaves,vjeavesgi@shutterfly.com,Non-binary,150.78.148.51
Madeleine,Touhig,mtouhiggj@ihg.com,Male,36.101.72.8
Gabbey,Baird,gbairdgk@seattletimes.com,Bigender,229.129.58.186
Ernaline,Inglish,einglishgl@opensource.org,Polygender,10.207.249.178
Ileana,Urling,iurlinggm@pbs.org,Male,79.215.56.98
Alden,Cudbird,acudbirdgn@mlb.com,Polygender,18.58.238.67
Reggis,Flucks,rflucksgo@ezinearticles.com,Bigender,76.249.1.19
Natividad,Pietranek,npietranekgp@pbs.org,Agender,252.168.191.45
Alfons,Blindt,ablindtgq@usatoday.com,Genderqueer,5.192.251.168
Conway,Nozzolinii,cnozzoliniigr@about.me,Polygender,39.110.62.72
Margit,Guinness,mguinnessgs@ask.com,Polygender,162.83.149.215
Keely,Down,kdowngt@topsy.com,Non-binary,152.76.85.11
Sofia,Huff,shuffgu@zimbio.com,Male,167.223.15.171
Darb,Cahn,dcahngv@people.com.cn,Non-binary,140.115.255.219
Arvy,Tomaskov,atomaskovgw@answers.com,Male,129.65.161.55
Celia,Phythean,cphytheangx@home.pl,Non-binary,110.204.109.151
Thaddus,Brouwer,tbrouwergy@epa.gov,Non-binary,90.27.26.164
Teddie,Worland,tworlandgz@intel.com,Male,141.220.147.173
Taddeo,Dingley,tdingleyh0@globo.com,Female,80.131.32.154
Urbano,Kempshall,ukempshallh1@php.net,Male,222.4.220.253
Julina,Pache,jpacheh2@ning.com,Polygender,226.147.254.77
Ricca,Kisbee,rkisbeeh3@etsy.com,Female,142.50.222.219
Herminia,Matuska,hmatuskah4@tinypic.com,Bigender,60.135.163.154
Uriah,Championnet,uchampionneth5@wordpress.com,Polygender,61.19.30.254
Catlaina,Bemand,cbemandh6@va.gov,Genderqueer,152.202.99.240
Aleen,MacGown,amacgownh7@independent.co.uk,Female,69.16.166.236
Elvera,Elion,eelionh8@domainmarket.com,Polygender,101.35.214.124
Tam,Olivari,tolivarih9@jugem.jp,Female,50.1.69.23
Ginny,Edmonson,gedmonsonha@amazonaws.com,Non-binary,75.253.174.16
Lorinda,Durbridge,ldurbridgehb@stanford.edu,Bigender,230.7.144.132
Rochette,Sommerscales,rsommerscaleshc@dropbox.com,Genderfluid,185.34.0.76
Libbi,Spyer,lspyerhd@over-blog.com,Bigender,3.172.155.3
Joceline,Mattityahou,jmattityahouhe@tumblr.com,Male,235.191.63.145
Hanan,Gammons,hgammonshf@hatena.ne.jp,Genderfluid,140.18.233.47
Luce,Heintsch,lheintschhg@unicef.org,Genderqueer,179.52.131.234
Mariel,Valentim,mvalentimhh@cdc.gov,Female,94.51.158.252
Ernest,Gilmore,egilmorehi@theguardian.com,Polygender,165.77.196.115
Rona,Pettingill,rpettingillhj@de.vu,Female,103.103.187.164
Maribeth,Matusovsky,mmatusovskyhk@typepad.com,Agender,9.163.136.45
Harriot,Artus,hartushl@feedburner.com,Genderqueer,208.35.220.232
Denys,Ruffli,drufflihm@symantec.com,Male,172.185.239.23
Beverie,Wrigley,bwrigleyhn@gizmodo.com,Genderqueer,142.43.245.216
Kori,Pindar,kpindarho@yelp.com,Male,200.243.226.87
Pavla,Handlin,phandlinhp@nationalgeographic.com,Polygender,30.16.133.119
Mickey,Warricker,mwarrickerhq@yale.edu,Polygender,69.187.5.133
Augustin,Aimeric,aaimerichr@cmu.edu,Male,199.202.226.99
Durward,Arnhold,darnholdhs@youku.com,Polygender,37.160.176.226
Devinne,Halpeine,dhalpeineht@loc.gov,Polygender,131.42.47.190
Homere,O'Nion,honionhu@slate.com,Non-binary,230.195.149.228
Saw,Pennrington,spennringtonhv@washington.edu,Agender,49.42.234.16
Marty,Syddie,msyddiehw@newsvine.com,Bigender,64.29.141.9
Bernadine,Marzella,bmarzellahx@fda.gov,Genderfluid,246.139.49.165
Sofia,Simoncello,ssimoncellohy@skype.com,Genderqueer,101.243.194.103
Ed,McInally,emcinallyhz@ycombinator.com,Genderqueer,37.161.188.110
Cameron,Dumbleton,cdumbletoni0@hp.com,Agender,23.249.128.3
Yvette,Pashler,ypashleri1@weibo.com,Polygender,131.21.109.30
Winfred,Treadgear,wtreadgeari2@spiegel.de,Agender,229.87.13.139
Ambrosio,Spurritt,aspurritti3@mediafire.com,Bigender,115.118.232.64
Amii,Skrzynski,askrzynskii4@amazon.com,Genderfluid,41.150.45.38
Jayne,Swansbury,jswansburyi5@sohu.com,Genderqueer,99.90.32.5
Pall,MacCurley,pmaccurleyi6@bravesites.com,Genderfluid,129.71.121.241
Eleonore,Siward,esiwardi7@com.com,Male,184.186.41.115
Stanly,Rowland,srowlandi8@google.co.uk,Polygender,184.213.94.121
Rafael,Entwisle,rentwislei9@mtv.com,Agender,25.55.147.248
Min,Milington,mmilingtonia@php.net,Genderfluid,61.85.60.245
Clari,Ride,crideib@fema.gov,Non-binary,218.216.7.70
Akim,Joriot,ajoriotic@linkedin.com,Bigender,158.60.228.29
Antony,Nutkin,anutkinid@1688.com,Non-binary,75.176.57.186
Bambie,Colebrook,bcolebrookie@pen.io,Non-binary,234.237.220.173
Mariette,Fosberry,mfosberryif@mlb.com,Polygender,174.47.156.145
Claude,Mawditt,cmawdittig@stanford.edu,Non-binary,241.85.169.225
Craggy,Gonoude,cgonoudeih@youku.com,Genderqueer,155.27.129.162
Renae,McCafferty,rmccaffertyii@va.gov,Polygender,121.78.44.172
Vernor,Scrivenor,vscrivenorij@msn.com,Polygender,186.141.111.108
Warner,Bromell,wbromellik@vk.com,Genderqueer,175.154.70.126
Dallas,Fahy,dfahyil@prnewswire.com,Polygender,151.170.53.78
Blinnie,Buscher,bbuscherim@i2i.jp,Agender,229.148.51.127
Nicolas,Barkhouse,nbarkhousein@oracle.com,Male,184.253.255.141
Ravid,Flea,rfleaio@umich.edu,Female,167.236.40.242
Miguel,Syddie,msyddieip@reddit.com,Male,235.251.255.106
Odelinda,Tackes,otackesiq@shareasale.com,Non-binary,160.80.163.40
Thane,Clac,tclacir@hugedomains.com,Genderqueer,221.101.226.29
Sanderson,Gable,sgableis@chicagotribune.com,Genderfluid,63.49.196.97
Isabella,Kenwrick,ikenwrickit@simplemachines.org,Non-binary,27.236.218.62
Raquela,Elwel,relweliu@rambler.ru,Male,187.131.16.157
Ethelda,Placide,eplacideiv@independent.co.uk,Polygender,7.153.14.3
Saxon,Speenden,sspeendeniw@acquirethisname.com,Genderfluid,134.219.14.135
Carmelle,Ganny,cgannyix@51.la,Genderqueer,55.229.145.172
Davidde,Tole,dtoleiy@ehow.com,Genderfluid,183.16.203.73
Mable,Finlayson,mfinlaysoniz@goo.ne.jp,Female,178.206.0.121
Sharla,Jerzykiewicz,sjerzykiewiczj0@delicious.com,Polygender,191.249.70.211
Hyacinthie,Durker,hdurkerj1@blogspot.com,Agender,167.159.52.110
Micah,Beveridge,mbeveridgej2@si.edu,Genderqueer,24.53.45.240
Geordie,Grzegorecki,ggrzegoreckij3@newyorker.com,Polygender,146.217.186.97
Buffy,Halpen,bhalpenj4@eventbrite.com,Bigender,101.225.36.162
Gilbertina,Pockey,gpockeyj5@time.com,Genderqueer,110.60.82.93
Ealasaid,Kohneke,ekohnekej6@themeforest.net,Female,62.58.214.150
Heidie,Filipov,hfilipovj7@marketwatch.com,Bigender,114.105.150.65
Eddy,Harrington,eharringtonj8@washingtonpost.com,Bigender,4.243.162.97
Ravid,Tiddeman,rtiddemanj9@shop-pro.jp,Agender,22.182.88.67
Uri,Krauze,ukrauzeja@multiply.com,Bigender,224.217.122.193
Karoly,Girardengo,kgirardengojb@infoseek.co.jp,Genderfluid,107.101.215.100
Dana,Mosen,dmosenjc@examiner.com,Genderfluid,141.252.99.32
Charmian,Du Hamel,cduhameljd@sina.com.cn,Male,24.100.82.165
Jacquie,Lapping,jlappingje@paypal.com,Genderqueer,57.125.241.204
Dani,Brinsford,dbrinsfordjf@gravatar.com,Male,248.183.221.110
Davie,Henrique,dhenriquejg@naver.com,Genderfluid,141.123.241.214
Marjy,Fathers,mfathersjh@free.fr,Female,104.238.17.19
Kennedy,Rewbottom,krewbottomji@hostgator.com,Genderfluid,33.3.42.190
Collie,Bartrum,cbartrumjj@a8.net,Male,67.227.225.69
Beilul,Ivanusyev,bivanusyevjk@e-recht24.de,Bigender,16.46.81.210
Genna,Heindl,gheindljl@php.net,Agender,78.91.32.24
Gan,Kitter,gkitterjm@bing.com,Male,207.106.73.49
Heriberto,McClary,hmcclaryjn@whitehouse.gov,Female,171.148.163.188
Candy,Coade,ccoadejo@mozilla.org,Polygender,173.253.95.77
Hoyt,Mapston,hmapstonjp@quantcast.com,Polygender,1.240.187.206
Clay,Fanning,cfanningjq@google.es,Female,180.32.111.155
Noelani,Loghan,nloghanjr@oaic.gov.au,Male,26.255.241.26
Joey,Shevill,jshevilljs@jugem.jp,Polygender,165.250.56.195
Corbie,Tapner,ctapnerjt@ning.com,Male,100.184.233.108
Tito,Oret,toretju@webs.com,Polygender,210.163.161.104
Hill,Murkitt,hmurkittjv@house.gov,Agender,17.184.101.8
Kingston,Yaus,kyausjw@about.com,Bigender,68.220.118.98
Loren,Dyball,ldyballjx@scientificamerican.com,Male,162.246.196.182
Fiorenze,Burbidge,fburbidgejy@diigo.com,Female,173.71.139.39
Abrahan,O'Deoran,aodeoranjz@addtoany.com,Agender,164.242.254.165
Cozmo,Connue,cconnuek0@unicef.org,Agender,58.167.97.76
Otis,Banghe,obanghek1@ted.com,Agender,203.114.30.243
Ebony,Darlaston,edarlastonk2@hc360.com,Male,120.231.2.58
Tye,Sayburn,tsayburnk3@earthlink.net,Bigender,46.168.160.145
Lusa,Lenham,llenhamk4@sun.com,Genderfluid,69.247.33.150
Godfry,Cropton,gcroptonk5@alibaba.com,Male,78.254.72.215
Arlan,McCritchie,amccritchiek6@sciencedaily.com,Male,7.84.10.140
Jacquenette,Peek,jpeekk7@goo.gl,Genderfluid,19.238.94.43
Ceil,Ruoss,cruossk8@cpanel.net,Genderqueer,50.68.72.42
Dulce,McKyrrelly,dmckyrrellyk9@wordpress.com,Genderfluid,34.247.23.119
Granthem,Jachimak,gjachimakka@g.co,Polygender,247.31.185.153
Dyann,Davitt,ddavittkb@zimbio.com,Genderfluid,169.170.239.43
Marlowe,Doddemeade,mdoddemeadekc@cmu.edu,Female,51.235.95.83
Cobby,Diloway,cdilowaykd@fc2.com,Polygender,243.5.201.131
Patti,Cereceres,pcerecereske@redcross.org,Non-binary,248.136.68.107
Lawrence,Blaschek,lblaschekkf@twitpic.com,Polygender,204.99.12.146
Rayshell,Branni,rbrannikg@youtube.com,Polygender,139.168.99.173
Doll,Satterthwaite,dsatterthwaitekh@netvibes.com,Polygender,25.241.252.128
Morgana,Witz,mwitzki@kickstarter.com,Polygender,172.236.195.13
Mirabelle,Towers,mtowerskj@theguardian.com,Non-binary,56.192.169.98
Stepha,Corker,scorkerkk@miitbeian.gov.cn,Non-binary,30.27.106.213
Flossie,Mealiffe,fmealiffekl@desdev.cn,Non-binary,219.255.35.23
Dal,Lyptrit,dlyptritkm@hubpages.com,Female,106.15.255.19
Persis,Cerie,pceriekn@ameblo.jp,Male,48.58.27.163
Jorie,Sekulla,jsekullako@hostgator.com,Non-binary,137.238.67.79
Glyn,Mee,gmeekp@mysql.com,Genderfluid,243.114.103.164
Stormie,Earry,searrykq@auda.org.au,Polygender,161.242.153.82
Fanchon,Caudwell,fcaudwellkr@parallels.com,Agender,232.96.8.218
Gwyn,MacMeekan,gmacmeekanks@yahoo.com,Polygender,53.220.180.238
Ibby,Essex,iessexkt@printfriendly.com,Genderqueer,76.246.241.113
Beniamino,Bennetto,bbennettoku@wordpress.com,Bigender,126.156.164.57
Katina,Depper,kdepperkv@yellowbook.com,Genderfluid,39.27.235.254
Konstance,Bonellie,kbonelliekw@utexas.edu,Agender,59.85.175.3
Pearce,Shrieves,pshrieveskx@joomla.org,Genderfluid,21.195.121.80
Jere,Hancill,jhancillky@ovh.net,Female,98.161.70.204
Verene,McGooch,vmcgoochkz@wix.com,Genderqueer,100.116.60.132
Seymour,Sarah,ssarahl0@ning.com,Bigender,224.176.178.189
Bunnie,Candwell,bcandwelll1@cargocollective.com,Agender,22.254.117.130
Meryl,Lerer,mlererl2@weather.com,Female,102.83.22.198
Jessie,Meco,jmecol3@amazon.de,Male,95.82.214.241
Salomone,Lassetter,slassetterl4@pagesperso-orange.fr,Genderqueer,6.69.120.157
Hilarius,Sterley,hsterleyl5@nationalgeographic.com,Bigender,255.134.123.254
Pet,Whyard,pwhyardl6@webs.com,Non-binary,144.52.42.88
Nefen,De Antoni,ndeantonil7@springer.com,Polygender,132.68.72.94
Leilah,Elflain,lelflainl8@discuz.net,Male,75.97.182.124
Charil,Murrigans,cmurrigansl9@opensource.org,Polygender,90.80.223.82
Meaghan,Hubbucke,mhubbuckela@loc.gov,Genderfluid,188.252.46.35
Gib,Beardall,gbeardalllb@jigsy.com,Genderqueer,6.21.52.6
Olivia,Kettlestring,okettlestringlc@sogou.com,Genderqueer,93.255.95.254
Erich,Dornan,edornanld@boston.com,Female,166.138.4.28
Grissel,Amys,gamysle@cocolog-nifty.com,Male,201.235.43.22
Caitlin,Fulle,cfullelf@shutterfly.com,Non-binary,62.86.235.74
Rafaellle,Poleye,rpoleyelg@google.com,Non-binary,191.145.92.143
Starla,Ruggier,sruggierlh@histats.com,Male,27.227.5.247
Dominick,Aisbett,daisbettli@mit.edu,Genderqueer,160.168.234.33
Eleen,Scrimgeour,escrimgeourlj@msn.com,Agender,224.99.129.64
Adriana,Gergely,agergelylk@yale.edu,Genderqueer,40.74.88.202
Reg,Abramino,rabraminoll@ed.gov,Non-binary,140.192.92.114
Ema,Haisell,ehaiselllm@360.cn,Polygender,119.186.82.67
Maggie,Fosserd,mfosserdln@phoca.cz,Female,149.205.133.241
Callean,Benzies,cbenzieslo@prlog.org,Agender,22.134.55.24
Bessy,Churchlow,bchurchlowlp@symantec.com,Polygender,6.90.85.209
Meggie,Glasscoe,mglasscoelq@reference.com,Polygender,50.134.150.18
Merrie,Crackel,mcrackellr@skype.com,Female,185.175.61.26
Welch,Kiffin,wkiffinls@cornell.edu,Genderqueer,146.251.54.98
Tucky,Addington,taddingtonlt@infoseek.co.jp,Bigender,61.135.32.85
Ophelia,Philo,ophilolu@bbb.org,Non-binary,70.95.232.181
Dedie,Rowet,drowetlv@oracle.com,Bigender,95.245.46.186
Anny,Parlot,aparlotlw@delicious.com,Genderfluid,214.126.79.235
Olivia,Rosenfield,orosenfieldlx@com.com,Non-binary,214.31.186.130
Sacha,Russilll,srussilllly@naver.com,Polygender,233.38.80.169
Tawnya,Boltwood,tboltwoodlz@guardian.co.uk,Female,205.110.77.27
Emlyn,Croxton,ecroxtonm0@yellowpages.com,Male,200.17.26.69
Fredi,Forgie,fforgiem1@t-online.de,Non-binary,63.94.113.112
Robenia,Pepin,rpepinm2@un.org,Genderqueer,186.45.223.227
Licha,Bittlestone,lbittlestonem3@google.com.au,Polygender,87.74.87.25
Daisy,Loadman,dloadmanm4@nyu.edu,Agender,169.139.136.84
Andy,Jakobsson,ajakobssonm5@nbcnews.com,Bigender,205.80.204.149
Pincus,Connaughton,pconnaughtonm6@timesonline.co.uk,Male,13.22.136.194
Cary,Hugnot,chugnotm7@123-reg.co.uk,Non-binary,105.247.18.147
Winfield,Belleny,wbellenym8@seattletimes.com,Genderfluid,152.228.83.3
Sibeal,Nelligan,snelliganm9@ca.gov,Genderqueer,19.18.219.70
Irwinn,Schwand,ischwandma@jigsy.com,Bigender,145.134.70.187
Teddie,Jills,tjillsmb@fc2.com,Female,15.69.136.35
Myrwyn,Peploe,mpeploemc@lulu.com,Female,88.4.76.37
Kristien,Golda,kgoldamd@simplemachines.org,Genderqueer,112.55.118.197
Roseann,Fakeley,rfakeleyme@techcrunch.com,Bigender,51.247.83.102
Henrietta,Gamet,hgametmf@opensource.org,Agender,81.152.11.130
Tiphanie,Thompson,tthompsonmg@netlog.com,Male,87.115.42.245
Ermengarde,Hinks,ehinksmh@un.org,Bigender,196.162.229.27
Torie,Nevison,tnevisonmi@is.gd,Agender,158.172.55.16
Sophi,Yeeles,syeelesmj@google.es,Genderqueer,196.213.171.213
Ingeberg,Round,iroundmk@w3.org,Genderqueer,128.126.253.64
Joelle,Capelow,jcapelowml@nydailynews.com,Polygender,58.78.77.164
Waring,Bengefield,wbengefieldmm@miibeian.gov.cn,Male,32.10.42.135
Anallise,Carnegy,acarnegymn@vk.com,Polygender,254.119.230.26
Xerxes,Kaser,xkasermo@skyrock.com,Agender,206.5.150.127
Arliene,Crosskell,acrosskellmp@cafepress.com,Bigender,6.101.166.174
Ginevra,Polsin,gpolsinmq@chronoengine.com,Agender,87.95.208.146
Hebert,Thornally,hthornallymr@latimes.com,Polygender,156.33.221.165
Edvard,Djordjevic,edjordjevicms@techcrunch.com,Male,53.180.178.37
Connor,Lochead,clocheadmt@last.fm,Genderqueer,204.103.86.233
Kass,Pharro,kpharromu@time.com,Bigender,199.191.15.2
Deidre,Jakobssen,djakobssenmv@booking.com,Male,255.218.134.121
Elvera,Keene,ekeenemw@plala.or.jp,Female,191.117.239.162
Flore,Railton,frailtonmx@marketwatch.com,Female,87.229.194.95
Rancell,Storck,rstorckmy@telegraph.co.uk,Bigender,188.74.113.236
Frederica,Dowden,fdowdenmz@diigo.com,Genderfluid,175.15.131.87
Tracee,Chaimson,tchaimsonn0@de.vu,Bigender,35.91.226.172
Fenelia,Walsh,fwalshn1@free.fr,Polygender,46.54.52.225
Armstrong,Sausman,asausmann2@shutterfly.com,Non-binary,65.213.184.87
Joelly,Dohrmann,jdohrmannn3@japanpost.jp,Female,107.100.100.44
Deena,Wilprecht,dwilprechtn4@360.cn,Polygender,97.54.104.120
Atlanta,Sustins,asustinsn5@jugem.jp,Polygender,213.184.133.96
Reuven,Clarkson,rclarksonn6@theguardian.com,Male,199.170.100.10
Debora,Roskams,droskamsn7@slate.com,Genderqueer,219.219.134.8
Paulie,Thominga,pthomingan8@fda.gov,Female,61.242.165.2
Karlik,Yukhnin,kyukhninn9@narod.ru,Male,99.42.39.172
Gennifer,Crankshaw,gcrankshawna@moonfruit.com,Genderqueer,8.98.234.49
Ivar,Gerrey,igerreynb@google.ca,Male,18.168.100.244
Therine,Prout,tproutnc@go.com,Female,98.189.246.166
Maddie,Hirthe,mhirthend@psu.edu,Polygender,118.151.0.235
Kristin,Dixie,kdixiene@google.cn,Bigender,253.191.84.35
Marijo,Kimmins,mkimminsnf@dailymail.co.uk,Non-binary,45.60.11.150
Annora,Drews,adrewsng@skyrock.com,Female,94.6.187.183
Ab,Anton,aantonnh@technorati.com,Polygender,108.159.87.56
Kimball,Helkin,khelkinni@newyorker.com,Male,122.134.69.7
Cristal,Bingley,cbingleynj@cam.ac.uk,Genderqueer,107.109.149.209
Bartolomeo,Dudenie,bdudenienk@1und1.de,Genderfluid,103.206.235.217
Birch,Labro,blabronl@yolasite.com,Polygender,130.39.217.205
Crissy,Deighan,cdeighannm@123-reg.co.uk,Bigender,221.134.88.43
Winny,Coslitt,wcoslittnn@weather.com,Genderqueer,204.28.215.219
Lonnie,Pirri,lpirrino@infoseek.co.jp,Polygender,109.72.234.97
Terence,O'Scollain,toscollainnp@bluehost.com,Male,81.145.177.193
Darrelle,Foad,dfoadnq@blogs.com,Bigender,110.79.164.239
Andeee,McCumesky,amccumeskynr@technorati.com,Male,196.87.178.164
Wadsworth,Borkett,wborkettns@fotki.com,Genderqueer,255.243.1.81
Astrid,Keough,akeoughnt@cmu.edu,Female,50.204.160.120
Diahann,Rouby,droubynu@hexun.com,Bigender,168.77.116.31
Becky,Blacklidge,bblacklidgenv@wsj.com,Polygender,116.229.220.105
Leanor,Butterfint,lbutterfintnw@cyberchimps.com,Bigender,184.74.209.37
Marinna,Zecchini,mzecchininx@delicious.com,Genderfluid,36.169.140.138
Harwell,Faircliffe,hfaircliffeny@1und1.de,Genderqueer,3.24.188.150
Justis,Le Friec,jlefriecnz@sitemeter.com,Polygender,229.200.224.80
Sigismondo,Heavens,sheavenso0@typepad.com,Male,201.151.47.102
Nathalie,Karlolak,nkarlolako1@gizmodo.com,Bigender,158.176.32.205
Jolee,Patrone,jpatroneo2@disqus.com,Genderfluid,237.255.199.153
Kanya,Dombrell,kdombrello3@plala.or.jp,Non-binary,105.220.101.154
Joela,Pixton,jpixtono4@mlb.com,Female,4.186.220.115
Sela,Franck,sfrancko5@acquirethisname.com,Genderqueer,85.152.203.106
Ericka,Gaitskill,egaitskillo6@hud.gov,Non-binary,97.155.72.158
Ericka,Kohler,ekohlero7@nbcnews.com,Female,194.236.237.238
Jonathon,Krikorian,jkrikoriano8@theglobeandmail.com,Male,236.10.77.88
Eilis,Clendinning,eclendinningo9@discuz.net,Genderfluid,36.239.232.113
Marnia,Murrie,mmurrieoa@blinklist.com,Non-binary,70.127.4.168
Sallie,Goade,sgoadeob@weebly.com,Agender,131.242.190.111
Scott,Cloke,sclokeoc@tiny.cc,Non-binary,14.37.61.145
Magdaia,Birchill,mbirchillod@globo.com,Bigender,164.31.150.64
Vassili,Alyutin,valyutinoe@oracle.com,Genderfluid,240.145.252.76
Lem,Molineux,lmolineuxof@theguardian.com,Polygender,68.38.44.172
Justinian,Nerheny,jnerhenyog@360.cn,Bigender,162.44.226.217
Powell,Knappett,pknappettoh@answers.com,Polygender,231.108.166.199
Blair,Endricci,bendriccioi@nature.com,Agender,43.72.50.216
Elysee,McGinly,emcginlyoj@nydailynews.com,Non-binary,82.168.41.79
Gwenneth,Wilkisson,gwilkissonok@google.com.br,Female,94.159.60.23
Joellyn,Guillou,jguillouol@reverbnation.com,Polygender,215.140.2.211
Marlon,Hayball,mhayballom@csmonitor.com,Male,90.195.250.29
Ruthi,Tear,rtearon@webeden.co.uk,Non-binary,3.111.138.20
Gordan,Moat,gmoatoo@facebook.com,Genderqueer,169.136.60.98
Shaughn,Rembrant,srembrantop@over-blog.com,Genderfluid,210.217.129.185
Gordy,Crosio,gcrosiooq@vk.com,Male,153.104.165.156
Edlin,Eagles,eeaglesor@csmonitor.com,Genderfluid,101.224.250.150
Aubry,Nisen,anisenos@google.nl,Genderfluid,186.37.121.156
Byrle,Waldron,bwaldronot@mtv.com,Male,139.56.2.42
Leelah,d' Elboux,ldelbouxou@wikimedia.org,Male,192.103.60.123
Paulie,Mantrip,pmantripov@histats.com,Female,171.68.118.218
Chan,St Quenin,cstqueninow@adobe.com,Male,218.64.175.141
Lissie,Ruit,lruitox@deviantart.com,Bigender,178.191.143.250
Harlan,Keggins,hkegginsoy@issuu.com,Genderfluid,217.54.228.17
Amye,De Francisci,adefranciscioz@nifty.com,Non-binary,32.168.131.252
Joane,Regelous,jregelousp0@angelfire.com,Non-binary,3.229.213.203
Leodora,Boni,lbonip1@sogou.com,Polygender,206.228.52.249
Tymothy,Langford,tlangfordp2@answers.com,Female,144.205.151.213
Renie,Byrde,rbyrdep3@cdbaby.com,Bigender,197.183.98.64
Arie,Wiggam,awiggamp4@weebly.com,Female,99.128.177.67
Franz,Curman,fcurmanp5@google.com.au,Agender,4.94.38.204
Cathryn,Meys,cmeysp6@gravatar.com,Agender,72.37.103.64
Erich,Dumphries,edumphriesp7@trellian.com,Female,80.147.121.144
Clim,Ashman,cashmanp8@nationalgeographic.com,Agender,205.176.17.152
Berry,Lukock,blukockp9@plala.or.jp,Bigender,170.129.91.58
Karlik,Friend,kfriendpa@desdev.cn,Genderqueer,119.133.126.166
Lindy,MacCumiskey,lmaccumiskeypb@dell.com,Genderfluid,16.111.238.116
Zacharia,Scullion,zscullionpc@ycombinator.com,Male,47.29.100.214
Isabeau,Dews,idewspd@kickstarter.com,Polygender,41.18.205.19
Hedvige,Padden,hpaddenpe@cloudflare.com,Bigender,225.223.79.236
Cullan,Cornely,ccornelypf@usnews.com,Non-binary,147.51.178.25
Lea,McCowan,lmccowanpg@pcworld.com,Bigender,127.96.214.250
Rani,Ends,rendsph@whitehouse.gov,Genderqueer,243.36.71.32
Wilma,Heber,wheberpi@blogspot.com,Polygender,108.49.10.133
Leonora,Bisacre,lbisacrepj@dmoz.org,Bigender,31.94.8.36
Morrie,Vasilkov,mvasilkovpk@yandex.ru,Genderfluid,76.227.204.177
Tatiania,Morefield,tmorefieldpl@mtv.com,Male,37.175.59.221
Miller,Dwerryhouse,mdwerryhousepm@gizmodo.com,Genderqueer,230.175.237.194
Rufus,Calver,rcalverpn@wp.com,Male,208.141.126.132
Robbert,Alleyn,ralleynpo@scribd.com,Bigender,110.194.83.39
Dorthy,Coltart,dcoltartpp@weebly.com,Male,155.119.18.136
Jillane,Hanfrey,jhanfreypq@simplemachines.org,Female,83.106.158.154
Leigh,Burgiss,lburgisspr@usda.gov,Female,255.234.186.91
Ashia,Mungham,amunghamps@nih.gov,Female,214.174.138.186
Worthington,Feaveryear,wfeaveryearpt@bloglovin.com,Genderfluid,145.204.164.233
Porty,Pero,pperopu@patch.com,Non-binary,171.125.129.32
Ki,Pidgeon,kpidgeonpv@wordpress.com,Male,157.76.42.192
Dierdre,Hatch,dhatchpw@networksolutions.com,Polygender,102.88.148.184
Decca,De Normanville,ddenormanvillepx@shinystat.com,Genderqueer,135.154.5.174
May,Forson,mforsonpy@acquirethisname.com,Non-binary,209.94.157.11
Fields,Wavell,fwavellpz@ehow.com,Female,57.133.97.171
Hymie,Ody,hodyq0@freewebs.com,Polygender,172.37.196.18
Taylor,Grigolashvill,tgrigolashvillq1@whitehouse.gov,Female,155.26.204.246
Kenn,Pierce,kpierceq2@ning.com,Genderfluid,102.8.203.11
Lauri,Wogdon,lwogdonq3@amazonaws.com,Male,43.203.161.246
Royal,Seers,rseersq4@omniture.com,Genderfluid,69.116.50.177
Jonis,Gladyer,jgladyerq5@boston.com,Male,14.97.58.148
Malorie,Burman,mburmanq6@mozilla.org,Polygender,221.42.228.19
Audrie,Latch,alatchq7@unicef.org,Bigender,0.169.245.77
Lauren,Rakes,lrakesq8@shutterfly.com,Male,13.9.241.23
Shirley,Bridgestock,sbridgestockq9@last.fm,Polygender,73.31.199.208
Hakim,Plaister,hplaisterqa@boston.com,Genderfluid,80.197.127.46
Padriac,Holstein,pholsteinqb@lycos.com,Genderqueer,220.150.86.184
Johnnie,Gittoes,jgittoesqc@ning.com,Polygender,48.63.110.62
Lyon,Rolfs,lrolfsqd@economist.com,Genderfluid,207.197.215.187
Sayer,Antognazzi,santognazziqe@go.com,Genderfluid,248.176.37.208
Augustus,Exter,aexterqf@multiply.com,Male,162.196.190.253
Shalna,Dankersley,sdankersleyqg@yandex.ru,Bigender,78.3.185.174
Jeno,Cardon,jcardonqh@reddit.com,Male,89.63.11.227
Tandie,Jearum,tjearumqi@spiegel.de,Bigender,104.140.131.249
Dennison,Grishukhin,dgrishukhinqj@merriam-webster.com,Genderqueer,13.87.216.5
Clemmy,Burrel,cburrelqk@about.me,Agender,145.233.41.217
Lissy,Pietruszka,lpietruszkaql@shutterfly.com,Agender,160.242.84.230
Wynne,Roantree,wroantreeqm@google.fr,Male,155.181.254.189
Constancy,Cosely,ccoselyqn@zimbio.com,Non-binary,204.138.45.234
Kale,Benninger,kbenningerqo@discuz.net,Agender,87.84.112.30
Samantha,Damsell,sdamsellqp@multiply.com,Bigender,114.25.43.136
Harper,Umbers,humbersqq@jigsy.com,Bigender,41.47.229.191
Alia,Jiroutka,ajiroutkaqr@live.com,Genderfluid,181.117.172.10
Faye,Pirnie,fpirnieqs@devhub.com,Genderfluid,111.59.81.81
Hayward,Elleray,hellerayqt@nationalgeographic.com,Agender,126.114.246.134
Gertrude,Pugh,gpughqu@newyorker.com,Genderfluid,125.145.154.66
Evelyn,Mingay,emingayqv@gnu.org,Male,40.90.1.157
Melinde,Stable,mstableqw@ebay.co.uk,Agender,45.39.246.165
Arturo,Haizelden,ahaizeldenqx@rambler.ru,Genderqueer,101.141.229.155
Sibelle,Raunds,sraundsqy@statcounter.com,Bigender,111.187.7.184
Paulita,MacIllrick,pmacillrickqz@mozilla.com,Agender,240.143.186.210
Dalston,Marquess,dmarquessr0@github.com,Agender,102.186.51.122
Frants,Batchelar,fbatchelarr1@desdev.cn,Genderfluid,98.44.59.59
Krisha,Sly,kslyr2@state.tx.us,Agender,255.60.218.171
Sandy,Chiene,schiener3@amazon.de,Genderfluid,234.116.33.50
Brose,Burril,bburrilr4@theatlantic.com,Male,238.157.141.147
Sunny,Kentish,skentishr5@mail.ru,Female,221.55.50.42
Dorine,Redholes,dredholesr6@biglobe.ne.jp,Male,87.255.180.139
Dacie,Bruckstein,dbrucksteinr7@dailymotion.com,Polygender,133.29.58.79
Sheba,Schiefersten,sschieferstenr8@ow.ly,Polygender,36.28.105.82
Dorrie,Angliss,danglissr9@linkedin.com,Female,14.14.137.16
Coriss,Cantwell,ccantwellra@businesswire.com,Non-binary,111.17.160.39
Micky,Kippling,mkipplingrb@pcworld.com,Genderqueer,16.254.177.111
Onofredo,Lamblot,olamblotrc@vk.com,Genderqueer,8.135.190.19
Hayes,Cavnor,hcavnorrd@epa.gov,Non-binary,9.131.156.82
Sheffy,Burnhams,sburnhamsre@illinois.edu,Non-binary,98.43.171.186
Sheri,Cagan,scaganrf@berkeley.edu,Agender,26.56.109.0
Gene,Greenham,ggreenhamrg@privacy.gov.au,Bigender,216.176.115.208
Roxine,Woodcroft,rwoodcroftrh@wisc.edu,Male,251.45.183.139
Shannen,Birchill,sbirchillri@arizona.edu,Genderqueer,237.103.204.57
Rhys,Excell,rexcellrj@chicagotribune.com,Genderqueer,10.255.135.233
Cassey,Pickavance,cpickavancerk@adobe.com,Agender,37.147.59.17
Tonya,Trout,ttroutrl@wsj.com,Bigender,195.62.85.17
Freemon,Jeness,fjenessrm@mozilla.org,Polygender,32.152.141.31
Viva,Shelly,vshellyrn@columbia.edu,Polygender,120.47.101.85
Modesta,Beelby,mbeelbyro@multiply.com,Agender,87.165.229.247
Kally,Studders,kstuddersrp@virginia.edu,Female,255.250.96.55
Neel,D'Ambrosi,ndambrosirq@google.co.jp,Male,77.148.145.178
Myca,Dedney,mdedneyrr@angelfire.com,Genderfluid,226.52.52.210
